"GeneSymbol","ENG_ID","weight"
"CPTP","ENSG00000224051",-0.581614931360699
"MRPL20-DT","ENSG00000272455",-0.183211592140558
"AL139246.3","ENSG00000228037",0.771269197128594
"AL031847.1","ENSG00000285629",0.215935414153406
"RNF207-AS1","ENSG00000226944",-1.25051298543146
"AL034417.1","ENSG00000232848",-0.13990776853066
"SLC2A5","ENSG00000142583",-1.46738178069029
"H6PD","ENSG00000049239",-1.00006505327116
"RBP7","ENSG00000162444",2.17840361038327
"CASZ1","ENSG00000130940",0.800856631922266
"FBXO6","ENSG00000116663",0.381622273051869
"AL021155.4","ENSG00000285646",-1.02561852530851
"PLOD1","ENSG00000083444",-0.438363838709481
"KAZN","ENSG00000189337",0.821603333585357
"EFHD2","ENSG00000142634",-0.0736447221362973
"ARHGEF19","ENSG00000142632",-0.57721581491519
"MST1L","ENSG00000186715",0.420351383943822
"PAX7","ENSG00000009709",-1.71584974205625
"MICOS10","ENSG00000173436",-0.494129649617717
"MICOS10-NBL1","ENSG00000270136",-0.508955248982961
"MUL1","ENSG00000090432",-0.739474425814813
"CDA","ENSG00000158825",-2.07466219857641
"NBPF2P","ENSG00000227001",0.51601534889219
"RPL11","ENSG00000142676",0.125539863579157
"PITHD1","ENSG00000057757",0.193639353533231
"IL22RA1","ENSG00000142677",0.124020730577623
"GRHL3","ENSG00000158055",1.59469700978979
"RCAN3","ENSG00000117602",0.644846598592445
"NCMAP","ENSG00000184454",1.89296525711109
"RUNX3","ENSG00000020633",4.62736667964242
"CNKSR1","ENSG00000142675",-0.112327714243159
"UBXN11","ENSG00000158062",-1.14257360340924
"CRYBG2","ENSG00000176092",-0.520520716007361
"TENT5B","ENSG00000158246",-0.944665573824346
"SLC9A1","ENSG00000090020",-0.0167452296258659
"AHDC1","ENSG00000126705",-0.844229297921659
"PTAFR","ENSG00000169403",2.21994580713009
"SESN2","ENSG00000130766",0.560803076359571
"RAB42","ENSG00000188060",-1.28385246939384
"EPB41","ENSG00000159023",-0.0263152359595274
"SRSF4","ENSG00000116350",-0.0581956325834258
"NKAIN1","ENSG00000084628",0.593067594908969
"LINC01226","ENSG00000284543",0.633420877153102
"TINAGL1","ENSG00000142910",0.604660168789448
"IQCC","ENSG00000160051",-0.237452282681064
"YARS1","ENSG00000134684",0.332925196425285
"TMEM54","ENSG00000121900",0.295188252568332
"RNF19B","ENSG00000116514",0.482561435432352
"AGO4","ENSG00000134698",0.271599933435
"MYCL","ENSG00000116990",1.47061694647167
"ZFP69","ENSG00000187815",0.158898250144263
"RIMS3","ENSG00000117016",0.830271163838596
"KCNQ4","ENSG00000117013",0.605723896820429
"PPIH","ENSG00000171960",0.229900571493237
"AC098484.2","ENSG00000234917",-0.178898485928186
"TMEM269","ENSG00000274386",0.806185104471257
"ELOVL1","ENSG00000066322",-0.32530825318887
"IPO13","ENSG00000117408",-0.330016445895073
"GPBP1L1","ENSG00000159592",0.102686393778428
"FOXD2","ENSG00000186564",-1.25901936218234
"TRABD2B","ENSG00000269113",-1.37934161052875
"CDKN2C","ENSG00000123080",-0.408319191038095
"CC2D1B","ENSG00000154222",-0.683523587728875
"COA7","ENSG00000162377",-0.502962803774582
"AL606760.1","ENSG00000226754",-0.877705462221349
"MROH7","ENSG00000184313",1.29588333173717
"AC099789.1","ENSG00000225475",-0.474554903128255
"TACSTD2","ENSG00000184292",1.41150304660817
"ROR1","ENSG00000185483",-2.23775382050607
"CACHD1","ENSG00000158966",2.67634861413467
"RAVER2","ENSG00000162437",0.621330094461018
"AL354872.1","ENSG00000271992",0.379482428307713
"TNNI3K","ENSG00000116783",1.56017881639637
"AC113935.1","ENSG00000226084",0.175493775165479
"MGC27382","ENSG00000237413",-3.28096449895381
"PTGFR","ENSG00000122420",-2.47404218319121
"GNG5","ENSG00000174021",-0.121293259356747
"AL359762.3","ENSG00000285851",-0.160441893961744
"SPATA1","ENSG00000122432",-0.0489870520847973
"C1orf52","ENSG00000162642",-0.0982552998275205
"BCL10","ENSG00000142867",0.0398257514245104
"AC092807.4","ENSG00000282057",-1.25424167571679
"CLCA4-AS1","ENSG00000236915",1.26878347067797
"SH3GLB1","ENSG00000097033",0.126031537525047
"LINC02609","ENSG00000233593",1.36563330491083
"RPL5","ENSG00000122406",0.402858254788404
"MTF2","ENSG00000143033",0.0152868376203212
"DR1","ENSG00000117505",-0.0956305453101407
"FNBP1L","ENSG00000137942",-0.374994955709841
"EEF1A1P11","ENSG00000228502",0.48784474603019
"AL445433.1","ENSG00000227034",0.763117308859711
"FRRS1","ENSG00000156869",-0.141381504914968
"AC114491.1","ENSG00000224550",-0.810614303016432
"FNDC7","ENSG00000143107",0.137627530899805
"BX679664.3","ENSG00000244716",0.510202869698732
"AL356488.3","ENSG00000273382",-1.78099941532665
"TMEM167B","ENSG00000215717",-0.382634992186442
"SARS1","ENSG00000031698",0.177432185362017
"PSMA5","ENSG00000143106",-0.0708886596801342
"ATXN7L2","ENSG00000162650",0.111152804251545
"GSTM2","ENSG00000213366",0.22246497226805
"AL160006.1","ENSG00000258634",0.18709645852637
"KCNC4","ENSG00000116396",0.77317033192999
"RBM15-AS1","ENSG00000227963",-0.744745076727283
"LRIF1","ENSG00000121931",-0.325804299911046
"WNT2B","ENSG00000134245",0.481406584361667
"RHOC","ENSG00000155366",-0.0379771462987194
"AL603832.3","ENSG00000271810",-0.0569586039897286
"PPM1J","ENSG00000155367",0.122613751678013
"LINC01356","ENSG00000215866",1.19111181088788
"LINC01357","ENSG00000224167",0.723193715075163
"LRIG2","ENSG00000198799",0.0810872093976101
"RSBN1","ENSG00000081019",0.0930267075439856
"PTPN22","ENSG00000134242",0.72788557261909
"AP4B1","ENSG00000134262",0.0493203570244695
"VANGL1","ENSG00000173218",-0.13723526947887
"SLC22A15","ENSG00000163393",-0.701660808427338
"TENT5C","ENSG00000183508",0.596737012702567
"SEC22B","ENSG00000265808",-0.616526489441367
"PPIAL4E","ENSG00000271567",-0.527343875602949
"PPIAL4D","ENSG00000256374",-0.484336970137641
"RNVU1-31","ENSG00000270722",-1.14918517213903
"MIR6736","ENSG00000278549",-0.192284996719774
"AC239799.2","ENSG00000287190",-0.362682133405031
"RNVU1-6","ENSG00000201558",-0.906012139774244
"NBPF10","ENSG00000271425",-0.405813094026564
"NOTCH2NLA","ENSG00000264343",-0.408460614007696
"PDE4DIPP1","ENSG00000229828",-0.224786163065616
"AC245100.6","ENSG00000272824",0.459787028775139
"AC245100.4","ENSG00000231551",-0.630531335941496
"NOTCH2NLB","ENSG00000286019",-0.85449869470276
"PDE4DIP","ENSG00000178104",-0.465574324340388
"AC245297.1","ENSG00000215861",-0.375760549269853
"PLEKHO1","ENSG00000023902",1.08228229448133
"C1orf54","ENSG00000118292",0.737040974176865
"ADAMTSL4","ENSG00000143382",-1.86940286816955
"ENSA","ENSG00000143420",-0.491501947109784
"BNIPL","ENSG00000163141",0.115203959498578
"PI4KB","ENSG00000143393",-0.217295126723075
"OAZ3","ENSG00000143450",-0.971408126068957
"AL589765.5","ENSG00000268288",0.593666871537517
"TDRKH-AS1","ENSG00000203288",0.526309377918422
"AL451085.2","ENSG00000271380",-0.536618249085635
"DCST1","ENSG00000163357",0.0204752408721971
"THBS3","ENSG00000169231",0.0198509864437531
"RUSC1","ENSG00000160753",-0.397005892524479
"NAXE","ENSG00000163382",-0.50315925490986
"DUSP23","ENSG00000158716",-0.824920317045214
"AL590560.4","ENSG00000279430",0.906069840052853
"PEX19","ENSG00000162735",-0.721521909115122
"VANGL2","ENSG00000162738",2.80396275799718
"ITLN1","ENSG00000179914",1.31378613991992
"F11R","ENSG00000158769",0.107132153799419
"ARHGAP30","ENSG00000186517",1.41401751378693
"SDHC","ENSG00000143252",-0.485740300995123
"AL592295.4","ENSG00000283696",-0.0761819307100624
"OLFML2B","ENSG00000162745",0.33724101081449
"RGS4","ENSG00000117152",-2.90607328627829
"PBX1","ENSG00000185630",-2.26816362279779
"AL391001.1","ENSG00000269887",-1.62701066156831
"CD247","ENSG00000198821",0.976694401205121
"MPC2","ENSG00000143158",-0.22384640622834
"CENPL","ENSG00000120334",-0.304605870245409
"GAS5","ENSG00000234741",0.54779579253503
"GAS5-AS1","ENSG00000270084",0.471546560052003
"KIAA0040","ENSG00000235750",0.693116244886014
"AL591043.2","ENSG00000236021",-0.0360045237207628
"TEX35","ENSG00000240021",-0.936802570047903
"C1orf220","ENSG00000213057",-0.6980663897668
"FAM20B","ENSG00000116199",-0.243151396845403
"TDRD5","ENSG00000162782",1.84127479027868
"RGS16","ENSG00000143333",0.708194146205864
"LAMC2","ENSG00000058085",0.770731712712912
"AL354953.1","ENSG00000287929",1.29998826967012
"SMG7-AS1","ENSG00000232860",-0.100384851896488
"TSEN15","ENSG00000198860",0.478181526712184
"NIBAN1","ENSG00000135842",2.4864967173593
"RGS2","ENSG00000116741",-2.15593712117128
"TNNT2","ENSG00000118194",1.31000241046568
"IPO9-AS1","ENSG00000231871",-0.503957200413753
"ZC3H11A","ENSG00000058673",-0.191308466169883
"ZBED6","ENSG00000257315",-0.191888464870769
"AC093422.1","ENSG00000213041",-0.121420118182438
"ELK4","ENSG00000158711",0.397320829983236
"SLC26A9","ENSG00000174502",-0.121246784017445
"RAB7B","ENSG00000276600",0.875873221040389
"BX571818.1","ENSG00000285417",0.949888488379767
"FAM72A","ENSG00000196550",0.431814782686299
"PIGR","ENSG00000162896",1.15296812073649
"YOD1","ENSG00000180667",-0.359545704734327
"C4BPB","ENSG00000123843",-1.76123862112578
"C4BPA","ENSG00000123838",-1.54820017826205
"C1orf74","ENSG00000162757",0.207420808853822
"IRF6","ENSG00000117595",1.52406459832736
"SERTAD4","ENSG00000082497",-0.0377384583657153
"TRAF5","ENSG00000082512",0.802863965741349
"VASH2","ENSG00000143494",1.109691095829
"LYPLAL1-DT","ENSG00000228063",-0.932880719541275
"C1orf115","ENSG00000162817",1.02953726905813
"LINC02257","ENSG00000238042",-1.42578593612924
"TAF1A","ENSG00000143498",0.403901589981162
"ACTBP11","ENSG00000188460",-0.890835641134218
"WDR26","ENSG00000162923",0.026202769287517
"EPHX1","ENSG00000143819",-0.870675693722825
"COQ8A","ENSG00000163050",0.304870410473821
"FTH1P2","ENSG00000234975",-1.07666820065636
"TAF5L","ENSG00000135801",-0.0410496314475967
"GALNT2","ENSG00000143641",-0.491026248309528
"FAM89A","ENSG00000182118",0.295246947540817
"AL445524.2","ENSG00000287856",-0.467010316664109
"MAP3K21","ENSG00000143674",-0.0267887701860197
"LYST","ENSG00000143669",0.262230947042556
"AL359918.2","ENSG00000228818",-0.230812061712742
"COX20","ENSG00000203667",-0.325094687220341
"AL390728.4","ENSG00000227671",-0.245615898650193
"MIR3916","ENSG00000283881",-0.371974035347575
"AL390728.5","ENSG00000232347",-0.198790929166945
"FAM110C","ENSG00000184731",0.685386835402687
"TMEM18","ENSG00000151353",-0.169028849901193
"ADI1","ENSG00000182551",-0.468440966494522
"RNASEH1-AS1","ENSG00000234171",-0.642837565319092
"RPS7","ENSG00000171863",0.169863927135242
"LINC01814","ENSG00000236008",-0.341780551456483
"CPSF3","ENSG00000119203",0.116952234058356
"GRHL1","ENSG00000134317",0.310551933919741
"RRM2","ENSG00000171848",-0.746053333448758
"HPCAL1","ENSG00000115756",-1.22628427038744
"AC092687.3","ENSG00000272275",1.00701200065669
"TRIB2","ENSG00000071575",-1.42038898424309
"CYRIA","ENSG00000197872",2.45746500270745
"VSNL1","ENSG00000163032",3.19092352908201
"SMC6","ENSG00000163029",0.126992662193724
"KCNS3","ENSG00000170745",4.34893277962642
"RHOB","ENSG00000143878",-1.27171987919436
"HS1BP3-IT1","ENSG00000231948",-1.2732458127032
"DNMT3A","ENSG00000119772",0.130426399501747
"ARNILA","ENSG00000235072",1.58346459766784
"FAM166C","ENSG00000173557",0.534956625340794
"MAPRE3","ENSG00000084764",-0.166426127003659
"AC013403.2","ENSG00000272148",0.0891787555315105
"FTH1P3","ENSG00000213453",-0.937282685619554
"RBKS","ENSG00000171174",-1.08217153552666
"CAPN14","ENSG00000214711",1.37991141839624
"MEMO1","ENSG00000162959",-0.0849981067142142
"DDX50P1","ENSG00000229816",0.0343712706166303
"MORN2","ENSG00000188010",-0.832783314751692
"SOS1","ENSG00000115904",0.0273346871518416
"SOS1-IT1","ENSG00000229692",0.395483790854643
"THUMPD2","ENSG00000138050",-0.000273654825011495
"COX7A2L","ENSG00000115944",-0.0918248127417466
"MTA3","ENSG00000057935",-0.202496480130131
"AC010883.3","ENSG00000287387",0.164254443029892
"ZFP36L2","ENSG00000152518",-0.304685504636246
"LRPPRC","ENSG00000138095",-0.298117976340985
"AC093833.1","ENSG00000231054",-1.81704533984677
"AC009236.1","ENSG00000286519",-1.62311983900307
"AC020604.1","ENSG00000279254",0.744395834249433
"EPCAM-DT","ENSG00000234690",0.243491496393012
"CHAC2","ENSG00000143942",-0.654867142018227
"ERLEC1","ENSG00000068912",-0.429140184178656
"RPS27A","ENSG00000143947",0.16142624439449
"AC132153.1","ENSG00000285755",-2.00984000290562
"BCL11A","ENSG00000119866",4.41366763026939
"ATP1B3P1","ENSG00000271707",-0.00203884930095954
"MDH1","ENSG00000014641",-0.796750357586496
"UGP2","ENSG00000169764",-0.68962668676803
"RAB1A","ENSG00000138069",-0.411716688247894
"MEIS1","ENSG00000143995",-2.43480624090504
"FBXO48","ENSG00000204923",-0.148359883710015
"MXD1","ENSG00000059728",0.475877684415349
"ADD2","ENSG00000075340",2.67023214202304
"PRADC1","ENSG00000135617",-0.721407241183241
"ALMS1P1","ENSG00000163016",-1.3739549153779
"MTHFD2","ENSG00000065911",0.351449973096576
"AC019069.1","ENSG00000272711",0.197196849740887
"HK2","ENSG00000159399",0.0346503950092633
"KCMF1","ENSG00000176407",0.0960182851452119
"TGOLN2","ENSG00000152291",-0.856023773027879
"SH2D6","ENSG00000152292",-1.98355268764098
"GGCX","ENSG00000115486",-0.962931114957755
"ST3GAL5","ENSG00000115525",-1.84484494532451
"ST3GAL5-AS1","ENSG00000232504",-1.83165381152675
"RMND5A","ENSG00000153561",-0.136521637411461
"ANAPC1P2","ENSG00000285793",0.17578580076868
"ANAPC1P2","ENSG00000231259",0.170323285083602
"EIF2AK3","ENSG00000172071",-0.48870790024917
"ZNF514","ENSG00000144026",-0.395643829304531
"ADRA2B","ENSG00000274286",0.66479002963668
"TMEM127","ENSG00000135956",-0.641234731404676
"LMAN2L","ENSG00000114988",-0.645057696005946
"REV1","ENSG00000135945",-0.141241901215433
"NPAS2-AS1","ENSG00000230140",-1.51813738845774
"RPL31","ENSG00000071082",0.120373400986619
"TBC1D8","ENSG00000204634",-1.02842141470796
"IL1R2","ENSG00000115590",-1.69408353312876
"MRPS9","ENSG00000135972",-0.259990764925975
"NCK2","ENSG00000071051",0.218618614011004
"UXS1","ENSG00000115652",-0.400767297788914
"SULT1C2","ENSG00000198203",-0.0595980286844399
"SH3RF3","ENSG00000172985",-0.38710548405237
"MERTK","ENSG00000153208",1.10158603373332
"AC104653.1","ENSG00000228857",0.459330207257835
"TMEM177","ENSG00000144120",-0.515322318931333
"BIN1","ENSG00000136717",-1.50413836012808
"WBP11P2","ENSG00000226789",-0.269715441005356
"CCDC74B","ENSG00000152076",-0.364753749315039
"POTEI","ENSG00000196834",-0.878772702923121
"POTEJ","ENSG00000222038",-0.640450131597561
"AC133785.1","ENSG00000233221",-0.0216288201668511
"CCDC74A","ENSG00000163040",-0.918898501653831
"AC097532.3","ENSG00000286833",-0.666831555036316
"ZRANB3","ENSG00000121988",-0.469222068374975
"DARS1","ENSG00000115866",-0.43807226024507
"LYPD6B","ENSG00000150556",-1.58259619875715
"LYPD6","ENSG00000187123",-1.97609176733551
"FAM133DP","ENSG00000230562",0.325905018752694
"PKP4","ENSG00000144283",-0.240973193077858
"AC009299.2","ENSG00000235724",0.79132961816176
"GALNT3","ENSG00000115339",-0.0409968029493456
"AC093899.2","ENSG00000251569",-0.775173935213667
"BBS5","ENSG00000163093",-0.485924973590165
"METAP1D","ENSG00000172878",-0.742180899505663
"AC016737.1","ENSG00000271151",-1.12165675297376
"LINC01117","ENSG00000224577",2.51726866059392
"AC009948.3","ENSG00000279598",0.0445444664097855
"FTH1P20","ENSG00000226564",-0.8604326843593
"FRZB","ENSG00000162998",0.640408602001845
"ANKAR","ENSG00000151687",0.17093503393643
"NAB1","ENSG00000138386",-0.0247116560275352
"GLS","ENSG00000115419",0.000755781254028071
"STK17B","ENSG00000081320",0.00216988287937722
"AOX1","ENSG00000138356",-2.23581780955499
"NDUFB3","ENSG00000119013",-0.693853955878559
"TRAK2","ENSG00000115993",-0.915595816598351
"SNORD11","ENSG00000238317",-0.645602020111129
"FAM117B","ENSG00000138439",0.301814913978219
"KRT8P15","ENSG00000233579",-0.891209344754531
"RAPH1","ENSG00000173166",-0.784592326833239
"EEF1B2","ENSG00000114942",-0.0462790026100124
"GPR1","ENSG00000183671",-1.14324973946503
"MDH1B","ENSG00000138400",-2.1640692393012
"MAP2","ENSG00000078018",-2.22158727470484
"ATIC","ENSG00000138363",-0.573145122724309
"RPL37A-DT","ENSG00000232485",-1.4653580699536
"RETREG2","ENSG00000144567",-0.665598055322146
"GLB1L","ENSG00000163521",-1.40128923765861
"TUBA4B","ENSG00000243910",-0.374523973543103
"GMPPA","ENSG00000144591",-0.821685266474341
"CHPF","ENSG00000123989",-1.34209643042973
"TMEM198","ENSG00000188760",-1.30244130686549
"OBSL1","ENSG00000124006",-1.65373879034838
"INHA","ENSG00000123999",-2.85388493402565
"SLC4A3","ENSG00000114923",-1.26097665056041
"SERPINE2","ENSG00000135919",-0.799125896595218
"ANKRD49P1","ENSG00000228446",-0.187725830546119
"IRS1","ENSG00000169047",-1.52251067834297
"AC010735.2","ENSG00000272622",-2.711304649925
"PID1","ENSG00000153823",-0.666379541369905
"SLC16A14","ENSG00000163053",-2.47267992694844
"PSMD1","ENSG00000173692",-0.662420916268609
"USP40","ENSG00000085982",-0.816603179186076
"HJURP","ENSG00000123485",-0.245358293853575
"SH3BP4","ENSG00000130147",-1.1194245446809
"ACKR3","ENSG00000144476",-1.99957444229197
"COPS8","ENSG00000198612",-0.930540019604881
"COPS9","ENSG00000172428",-0.757727912753899
"KIF1A","ENSG00000130294",0.731175670885714
"PPP1R7","ENSG00000115685",-0.433190961533522
"TTLL3","ENSG00000214021",-0.0994191350890802
"IL17RE","ENSG00000163701",0.402852530757974
"PRRT3","ENSG00000163704",-0.730489515206485
"EMC3","ENSG00000125037",-0.614453642557209
"AC022007.1","ENSG00000206567",-1.80247649280564
"HRH1","ENSG00000196639",-1.04488889923565
"TIMP4","ENSG00000157150",-0.54497087417713
"C3orf20","ENSG00000131379",-0.196267945020942
"GALNT15","ENSG00000131386",-1.5155475443744
"HMGB1P5","ENSG00000132967",-0.198637201311776
"TOP2B","ENSG00000077097",0.0251717838500841
"RPL21P40","ENSG00000235670",0.963075598013872
"CMTM7","ENSG00000153551",0.288162243179296
"SUSD5","ENSG00000173705",1.86341133055949
"DLEC1","ENSG00000008226",0.202181724682708
"XYLB","ENSG00000093217",-1.02045870204755
"ACVR2B","ENSG00000114739",0.101472064781571
"SCN11A","ENSG00000168356",0.50988225880581
"ULK4","ENSG00000168038",-1.33714685567915
"AC006059.1","ENSG00000230084",-0.00701093419909245
"TMEM42","ENSG00000169964",-0.388604683418183
"AC134772.1","ENSG00000244380",-0.786729552876845
"MIR4793","ENSG00000284575",-1.05728609621081
"IMPDH2","ENSG00000178035",-0.195711968522625
"AC135506.1","ENSG00000270441",0.563666683135757
"TCTA","ENSG00000145022",-1.6573503808789
"C3orf18","ENSG00000088543",-1.47325319516732
"MAPKAPK3","ENSG00000114738",-0.979893448578684
"TEX264","ENSG00000164081",-0.932928160919201
"ABHD14A","ENSG00000248487",-1.14471121961013
"SMIM4","ENSG00000168273",-0.834149377814378
"PTPRG","ENSG00000144724",-0.628299417343826
"C3orf14","ENSG00000114405",-1.06077929497353
"SLC25A26","ENSG00000144741",-0.261530377059089
"SUCLG2-AS1","ENSG00000241316",-1.83267722650294
"STX19","ENSG00000178750",0.431185997845876
"AC069222.1","ENSG00000273374",0.262437272246791
"FAM172BP","ENSG00000175841",2.09508231026412
"RPL24","ENSG00000114391",0.264850990477007
"ZPLD1","ENSG00000170044",0.382142309409357
"DUBR","ENSG00000243701",-0.844630124871297
"CD47","ENSG00000196776",0.0147000447548196
"PLCXD2","ENSG00000240891",0.636349198341426
"TMPRSS7","ENSG00000176040",0.426854416882601
"C3orf52","ENSG00000114529",0.312959909360761
"TBILA","ENSG00000261488",0.715052800360725
"USF3","ENSG00000176542",-0.0172594516081196
"ATP6V1A","ENSG00000114573",-0.386322368970321
"QTRT2","ENSG00000151576",-0.255997506383849
"IGSF11","ENSG00000144847",-0.11229838458903
"PLA1A","ENSG00000144837",0.0687428504687774
"AC092910.3","ENSG00000242622",0.304768408689472
"NDUFB4","ENSG00000065518",-0.125118720095259
"GTF2E1","ENSG00000153767",-0.128940574893973
"IQCB1","ENSG00000173226",0.107413312732206
"ILDR1","ENSG00000145103",0.845970861843841
"CASR","ENSG00000036828",0.641898699625611
"AC083798.2","ENSG00000272758",0.0253735426405045
"DTX3L","ENSG00000163840",0.0776486955557039
"EIF4BP8","ENSG00000243918",0.203267218909669
"HSPBAP1","ENSG00000169087",0.241088383176662
"LINC02035","ENSG00000273033",0.357181528024845
"AC117488.1","ENSG00000288022",-1.11326704513853
"AC024558.2","ENSG00000288436",0.944726963245211
"TXNRD3","ENSG00000197763",0.981627112113861
"RPN1","ENSG00000163902",-0.216068434034496
"FTH1P4","ENSG00000242992",-1.18082687958664
"COPG1","ENSG00000181789",-0.272418208589667
"TMCC1-AS1","ENSG00000271270",-1.27531338807396
"ALG1L2","ENSG00000251287",0.638494694205539
"LINC02021","ENSG00000249846",0.372509139367304
"COL6A4P2","ENSG00000228252",1.83274843559545
"NUDT16","ENSG00000198585",-0.6950294818501
"ACP3","ENSG00000014257",-0.445882406916227
"NPHP3-ACAD11","ENSG00000274810",0.0480294118953957
"NPHP3","ENSG00000113971",0.0480516908034027
"RPL39P5","ENSG00000214289",-0.199602837760124
"AMOTL2","ENSG00000114019",-0.25846711489946
"EPHB1","ENSG00000154928",0.544549156622523
"MSL2","ENSG00000174579",0.248560386456591
"AC022497.1","ENSG00000280399",1.38527375758357
"EEF1A1P25","ENSG00000241429",0.312574880672899
"COPB2","ENSG00000184432",-0.226473193223927
"AC108727.1","ENSG00000248773",0.0165610189019508
"ATP1B3","ENSG00000069849",0.314936625951197
"GYG1","ENSG00000163754",-0.0662893662438496
"CP","ENSG00000047457",-5.32444230029264
"TM4SF1","ENSG00000169908",-1.03164593050655
"AC108751.5","ENSG00000244503",-1.46007565324765
"WWTR1","ENSG00000018408",0.00396795687128752
"COMMD2","ENSG00000114744",-0.0560688986608021
"NPM1P29","ENSG00000239351",-0.210710697742296
"EIF2A","ENSG00000144895",0.319172171015131
"SIAH2","ENSG00000181788",0.397681599270054
"MME","ENSG00000196549",-1.18747380658635
"IL12A","ENSG00000168811",0.651390354319318
"ACTRT3","ENSG00000184378",-0.139263862964816
"LRRC31","ENSG00000114248",-0.802338174633141
"KRT8P13","ENSG00000241416",-1.12871871961759
"PLD1","ENSG00000075651",0.774909276699256
"TNFSF10","ENSG00000121858",1.04988735896551
"ECT2","ENSG00000114346",0.120573368190182
"PIK3CA","ENSG00000121879",0.207853958566165
"ZNF639","ENSG00000121864",0.179101461254414
"FXR1","ENSG00000114416",0.195219461733072
"ATP11B","ENSG00000058063",0.266132007514653
"DCUN1D1","ENSG00000043093",0.0586381223754385
"LAMP3","ENSG00000078081",2.78756676603842
"AC131160.1","ENSG00000283765",0.107919881623644
"PARL","ENSG00000175193",0.136488307280761
"EIF2B5","ENSG00000145191",0.176717210349564
"AC131235.1","ENSG00000228205",-0.0205018201589965
"DVL3","ENSG00000161202",0.0952445102169747
"FAM131A","ENSG00000175182",0.0780576303979953
"SENP2","ENSG00000163904",0.12578927763996
"TBCCD1","ENSG00000113838",-0.0426312384613705
"PSMD10P2","ENSG00000226652",0.0507659311942298
"EIF4A2","ENSG00000156976",0.117446128016659
"MIR1248","ENSG00000283958",0.0704376557599885
"ST6GAL1","ENSG00000073849",2.39140090161681
"RTP4","ENSG00000136514",1.03168526483877
"LPP","ENSG00000145012",-0.106065795710747
"CLDN16","ENSG00000113946",1.61924890018074
"LRRC15","ENSG00000172061",-0.796515873844985
"LINC01968","ENSG00000237222",-0.158790330638524
"PPP1R2","ENSG00000184203",0.135072856767238
"RNU6ATAC24P","ENSG00000252620",0.370564637336497
"AC069213.1","ENSG00000223711",0.307947304294137
"UBXN7","ENSG00000163960",0.444162346214099
"RNF168","ENSG00000163961",0.249693377190034
"DLG1","ENSG00000075711",-0.204067024144878
"LINC02012","ENSG00000272989",0.625506524041722
"AC144530.1","ENSG00000234742",0.558014039346867
"RPL35A","ENSG00000182899",0.332789789781961
"ZNF141","ENSG00000131127",1.033294103022
"FAM53A","ENSG00000174137",-1.15344100935247
"WFS1","ENSG00000109501",-0.759426810664579
"MAN2B2","ENSG00000013288",-0.378155887059617
"CC2D2A","ENSG00000048342",-1.97039825311075
"PCDH7","ENSG00000169851",-1.55404676648272
"AC021106.1","ENSG00000249863",0.431907661247211
"AC024243.1","ENSG00000272969",-0.165654891896519
"EXOC1","ENSG00000090989",-0.104351677345814
"RNU6-652P","ENSG00000202358",-0.674830267828375
"CEP135","ENSG00000174799",-0.0896440619159445
"HOPX","ENSG00000171476",-3.35960696402063
"REST","ENSG00000084093",-0.0599517788594997
"NOA1","ENSG00000084092",0.0714189613117567
"CENPC","ENSG00000145241",-0.0121959865709844
"UBA6","ENSG00000033178",-0.291786820178998
"YTHDC1","ENSG00000083896",-0.285415546870945
"RUFY3","ENSG00000018189",-0.136494150846501
"MOB1B","ENSG00000173542",-0.0258340777010143
"COX18","ENSG00000163626",-0.114338606304536
"EREG","ENSG00000124882",-0.794144996312783
"PARM1","ENSG00000169116",0.946187685645509
"LINC02562","ENSG00000260265",1.03007677476057
"G3BP2","ENSG00000138757",-0.273398206903824
"USO1","ENSG00000138768",-0.118320364894681
"NUP54","ENSG00000138750",0.00288984346321976
"FAM47E-STBD1","ENSG00000272414",-0.119146888443064
"STBD1","ENSG00000118804",-0.098782150832672
"SHROOM3","ENSG00000138771",-0.669378732933201
"CCNI","ENSG00000118816",0.110714525152502
"CCNG2","ENSG00000138764",-0.384631238470554
"CNOT6L","ENSG00000138767",0.231360278011187
"BMP2K","ENSG00000138756",-0.334463222334466
"LINC01088","ENSG00000249307",2.18766917055333
"RPSAP39","ENSG00000244002",0.430837054154567
"AC124016.1","ENSG00000272677",0.208493954172141
"IGBP1P4","ENSG00000250325",0.059495255686783
"ENOPH1","ENSG00000145293",-0.32620435443021
"TMEM150C","ENSG00000249242",1.37907678598347
"AC067942.1","ENSG00000227304",0.665677088596566
"SEC31A","ENSG00000138674",-0.448034455871713
"THAP9-AS1","ENSG00000251022",-0.543559941467452
"THAP9","ENSG00000168152",-0.212492735528653
"MRPS18C","ENSG00000163319",-0.149162217381554
"ABRAXAS1","ENSG00000163322",-0.114267229586522
"CDS1","ENSG00000163624",-0.148911713374154
"ARHGAP24","ENSG00000138639",0.891161104606473
"AC093827.3","ENSG00000251411",0.347751141312775
"HSD17B13","ENSG00000170509",0.15550895260237
"AC098582.1","ENSG00000287542",-0.759869948486414
"HERC3","ENSG00000138641",-0.761143652502743
"NAP1L5","ENSG00000177432",-1.25346485859897
"FAM13A-AS1","ENSG00000248019",-0.13319049679946
"AC108065.2","ENSG00000278151",0.535233416225305
"FAM13A","ENSG00000138640",-0.42139714359993
"TSPAN5","ENSG00000168785",1.17888337374094
"METAP1","ENSG00000164024",-0.0250808701315159
"DAPP1","ENSG00000070190",2.02173497253878
"SLC39A8","ENSG00000138821",-2.12307087813667
"AC098487.1","ENSG00000248161",-1.09367040454314
"NFKB1","ENSG00000109320",-0.1241973702711
"UBE2D3","ENSG00000109332",-0.0419699011928055
"PPA2","ENSG00000138777",-0.22864751212077
"AIMP1","ENSG00000164022",-0.252886992320662
"LEF1","ENSG00000138795",2.75297844531613
"SEC24B-AS1","ENSG00000247950",-0.163794919214532
"SEC24B","ENSG00000138802",-0.0104318597043393
"GAR1","ENSG00000109534",0.134978096662678
"AP1AR","ENSG00000138660",-0.071289843616576
"ALPK1","ENSG00000073331",-0.0195143960508799
"ZGRF1","ENSG00000138658",0.165813791801826
"METTL14","ENSG00000145388",-0.0065777335639186
"SEC24D","ENSG00000150961",-0.589852748103788
"USP53","ENSG00000145390",0.478689749681703
"CCNA2","ENSG00000145386",0.216859532039183
"KIAA1109","ENSG00000138688",-0.402434856216375
"AC021205.3","ENSG00000273007",0.487879639930639
"NUDT6","ENSG00000170917",0.0721580757006612
"ABHD18","ENSG00000164074",-0.218697131332475
"LARP1B","ENSG00000138709",0.165305086461104
"SCLT1","ENSG00000151466",-0.16882981195224
"EEF1GP8","ENSG00000234125",0.159189829777035
"NDUFC1","ENSG00000109390",-0.223847579692599
"RAB33B","ENSG00000172007",0.193033372083698
"SCOC","ENSG00000153130",0.583181038102376
"ZNF330","ENSG00000109445",0.147584594764493
"GAB1","ENSG00000109458",-0.28105515248226
"MMAA","ENSG00000151611",-0.422112551895388
"LSM6","ENSG00000164167",0.0775059091252989
"RPS3A","ENSG00000145425",0.234628734748251
"SH3D19","ENSG00000109686",-0.106239959905929
"FAM160A1-DT","ENSG00000251611",0.335778940086202
"FAM160A1","ENSG00000164142",0.645355144539489
"FBXW7","ENSG00000109670",0.340082091553791
"ARFIP1","ENSG00000164144",-0.481396079283987
"FHDC1","ENSG00000137460",0.449816708629539
"AC013477.2","ENSG00000288637",-0.0573781400514571
"PPID","ENSG00000171497",-0.0102504533084277
"FNIP2","ENSG00000052795",-0.233493462048027
"TMA16","ENSG00000198498",-0.0344644705381633
"AC106872.2","ENSG00000240674",0.140139530763818
"MSMO1","ENSG00000052802",-0.0910113265327807
"CPE","ENSG00000109472",0.227890225334422
"SH3RF1","ENSG00000154447",-0.62834282116641
"CLCN3","ENSG00000109572",-0.28135945476505
"AC105285.1","ENSG00000245213",0.323857512731462
"RPL5P11","ENSG00000242882",0.464061003156843
"FBXO8","ENSG00000164117",-0.110062261812351
"CDKN2AIP","ENSG00000168564",-0.158731640082405
"ING2","ENSG00000168556",-0.211737557614435
"RWDD4","ENSG00000182552",-0.0529081834557162
"LINC02362","ENSG00000249096",0.304627214106539
"IRF2","ENSG00000168310",-0.00770670707534507
"AC099343.2","ENSG00000270426",-0.232218497778131
"CASP3","ENSG00000164305",0.201279601428933
"PRIMPOL","ENSG00000164306",0.022850994171788
"CENPU","ENSG00000151725",-0.145620895863915
"SNX25","ENSG00000109762",-0.0826968840469272
"ANKRD37","ENSG00000186352",-0.457452677914313
"CCDC110","ENSG00000168491",1.41184417167537
"FRG1","ENSG00000109536",0.293565452730972
"ZDHHC11","ENSG00000188818",0.112915572122619
"TERT","ENSG00000164362",2.41024258951131
"ATPSCKMT","ENSG00000150756",-0.937688387028531
"CMBL","ENSG00000164237",-0.0913371963965083
"OTULINL","ENSG00000145569",-2.87220748062017
"ANKH","ENSG00000154122",1.04996038450323
"MYO10","ENSG00000145555",0.648607874837206
"FTH1P10","ENSG00000223361",-0.938717855405816
"AC034231.1","ENSG00000249572",-1.02259325193567
"SPEF2","ENSG00000152582",-0.667942088434242
"PLCXD3","ENSG00000182836",-4.50285221165504
"TMEM267","ENSG00000151881",-0.395868212318704
"EMB","ENSG00000170571",1.69749352488969
"GPBP1","ENSG00000062194",-0.00291830698906946
"RNF180","ENSG00000164197",2.16281383155706
"AC112206.2","ENSG00000249364",-1.89167540137732
"EEF1B2P2","ENSG00000213864",-0.470168366764256
"PIK3R1","ENSG00000145675",-0.614925837452472
"CDK7","ENSG00000134058",0.234531540031058
"CHCHD2P2","ENSG00000215006",-0.7520475425138
"MARVELD2","ENSG00000152939",0.236047438555592
"OCLN","ENSG00000197822",0.118602591832989
"FCHO2","ENSG00000157107",0.25860858701049
"HMGCR","ENSG00000113161",0.290715564802959
"AC008897.3","ENSG00000271815",0.885408670137041
"POC5","ENSG00000152359",0.157313177392628
"ZBED3","ENSG00000132846",0.874060162654111
"JMY","ENSG00000152409",0.508585300519297
"RPS27AP9","ENSG00000242706",-0.442762106761414
"ARRDC3-AS1","ENSG00000281357",0.0976180434018944
"KIAA0825","ENSG00000185261",-1.24046628497731
"CAST","ENSG00000153113",0.0817660902502211
"RGMB","ENSG00000174136",0.446841145893881
"CHD1","ENSG00000153922",-0.0123308333716499
"EFNA5","ENSG00000184349",-0.810092067845644
"TSLP","ENSG00000145777",3.59093288384922
"WDR36","ENSG00000134987",-0.00277376947964727
"EPB41L4A","ENSG00000129595",-1.77870025450268
"EPB41L4A-AS1","ENSG00000224032",0.53628237859469
"EPB41L4A-DT","ENSG00000278921",-1.0623503525461
"TRIM36","ENSG00000152503",0.894519388115566
"CCDC112","ENSG00000164221",0.326638702195318
"TNFAIP8","ENSG00000145779",1.12626728226817
"AC034228.3","ENSG00000281938",-1.1349069594895
"LINC01843","ENSG00000251169",-2.40429578536806
"CDC23","ENSG00000094880",0.0856041016591555
"CDC25C","ENSG00000158402",0.637428718683006
"KDM3B","ENSG00000120733",0.000581443941987463
"SPATA24","ENSG00000170469",-0.274093775097522
"NRG2","ENSG00000158458",0.396539495614471
"MALINC1","ENSG00000245146",0.466427383714358
"ANKHD1-EIF4EBP3","ENSG00000254996",0.0307448276794457
"TCERG1","ENSG00000113649",-0.0495746593954952
"SPINK13","ENSG00000214510",-2.2313771583927
"ABLIM3","ENSG00000173210",-2.27874736144485
"GRPEL2","ENSG00000164284",0.405025144643227
"CSNK1A1","ENSG00000113712",0.144185188012166
"AC021078.1","ENSG00000230551",0.135656783710282
"PDE6A","ENSG00000132915",-0.15908406209341
"SYNPO","ENSG00000171992",-1.0801069650348
"AC011374.2","ENSG00000272112",1.44048658623462
"AC091982.3","ENSG00000275765",-0.376333251000907
"GALNT10","ENSG00000164574",-0.693103891438221
"CNOT8","ENSG00000155508",0.107888502853015
"MRPL22","ENSG00000082515",0.0844662149974142
"SGCD","ENSG00000170624",0.4008869235706
"PPP1R2B","ENSG00000231989",0.104508771943132
"CYFIP2","ENSG00000055163",2.02168826295441
"NIPAL4","ENSG00000172548",4.95920543177005
"SOX30","ENSG00000039600",1.35667285841299
"CLINT1","ENSG00000113282",-0.379238716257225
"PWWP2A","ENSG00000170234",-0.126870991862757
"CCNJL","ENSG00000135083",1.23598947772607
"PTTG1","ENSG00000164611",0.684555114318
"CCNG1","ENSG00000113328",0.423506279393816
"NUDCD2","ENSG00000170584",0.0991070345352223
"MAT2B","ENSG00000038274",0.137069995664746
"RARS1","ENSG00000113643",-0.0319855928250769
"NPM1","ENSG00000181163",0.410461781991955
"DUSP1","ENSG00000120129",-0.907320787849198
"BOD1","ENSG00000145919",0.343358931248888
"CPEB4","ENSG00000113742",-0.852040912166252
"AC139491.5","ENSG00000251623",0.355184201706944
"KIAA1191","ENSG00000122203",0.0805918187004207
"ARL10","ENSG00000175414",0.983264037362119
"RNF44","ENSG00000146083",0.30832411021685
"UIMC1","ENSG00000087206",0.157265424586427
"FAM193B","ENSG00000146067",0.187986887919419
"TMED9","ENSG00000184840",-0.243308934271305
"AC139795.2","ENSG00000247679",0.449590881226232
"AC106795.2","ENSG00000249684",0.575391022596244
"HNRNPAB","ENSG00000197451",0.106052497639632
"ZNF354A","ENSG00000169131",0.244007065022998
"RNU1-39P","ENSG00000206624",1.11932202222565
"FLT4","ENSG00000037280",1.19366881115026
"TRIM7","ENSG00000146054",0.689982115242263
"AC008443.5","ENSG00000250900",0.399111923688364
"SNORD96A","ENSG00000272296",0.331605128933476
"AL033381.3","ENSG00000286324",-1.15217530738286
"SLC22A23","ENSG00000137266",0.399614693368114
"AL035653.1","ENSG00000288548",0.508323818336185
"EEF1E1-BLOC1S5","ENSG00000265818",-0.133299426715422
"EEF1E1","ENSG00000124802",-0.0965198768108065
"SYCP2L","ENSG00000153157",2.17771036562404
"ADTRP","ENSG00000111863",1.26472278597876
"HIVEP1","ENSG00000095951",0.325066413945737
"MIR4639","ENSG00000263712",-0.699092459914006
"RNF144B","ENSG00000137393",2.2870040972876
"ACOT13","ENSG00000112304",-0.400057403440157
"GMNN","ENSG00000112312",0.0485617500233293
"AL512428.1","ENSG00000282804",-1.23183097703763
"RIPOR2","ENSG00000111913",-1.13652989108191
"AL160400.1","ENSG00000286633",-1.08033822857093
"CMAHP","ENSG00000168405",-1.82730949963093
"CARMIL1","ENSG00000079691",-0.644006602993976
"ZNF204P","ENSG00000204789",0.716484528266525
"ZNF391","ENSG00000124613",1.90074986799562
"AL031118.1","ENSG00000271755",1.27074540481521
"ZNF184","ENSG00000096654",-0.113100751169352
"ZSCAN16-AS1","ENSG00000269293",-0.455749639837378
"ZBED9","ENSG00000232040",3.45162105849451
"HLA-F-AS1","ENSG00000214922",-0.606877900299044
"RPL23AP1","ENSG00000239257",-0.0220449034923246
"HLA-E","ENSG00000204592",0.354182078146744
"LINC02569","ENSG00000235781",0.106153615294542
"TCF19","ENSG00000137310",-0.367509416087399
"PSORS1C3","ENSG00000204528",-0.745142264917394
"MICA","ENSG00000204520",-0.173392979844839
"LY6G6C","ENSG00000204421",1.54088388688158
"MSH5","ENSG00000204410",-0.225297938497223
"MSH5-SAPCD1","ENSG00000255152",-0.152135055065804
"AL671762.1","ENSG00000285565",0.587284490813069
"SNHG32","ENSG00000204387",0.590654369662589
"C4B","ENSG00000224389",-1.17768251599799
"MIR6721","ENSG00000284469",-0.661835441837418
"AGER","ENSG00000204305",0.511713128683836
"AL662884.1","ENSG00000273333",0.0676701677934387
"PBX2","ENSG00000204304",-0.0162181063750819
"TSBP1-AS1","ENSG00000225914",0.748728368490055
"SLC39A7","ENSG00000112473",-0.691125185481241
"IP6K3","ENSG00000161896",-2.12310365626503
"AL451165.2","ENSG00000272288",-1.48962855722531
"SCUBE3","ENSG00000146197",1.03611143862468
"TEAD3","ENSG00000007866",-0.0176169865529576
"ARMC12","ENSG00000157343",-0.440970868504132
"CLPSL1","ENSG00000204140",0.168040381822126
"SRPK1","ENSG00000096063",0.0426561840974538
"Z84485.1","ENSG00000246982",0.14937992847739
"ETV7","ENSG00000010030",0.784328519372821
"AL353579.1","ENSG00000286105",0.903923210111579
"RNF8","ENSG00000112130",-0.220809197895169
"CCDC167","ENSG00000198937",-0.795826643615093
"GLP1R","ENSG00000112164",1.82755891088079
"UNC5CL","ENSG00000124602",0.79211847130895
"NFYA","ENSG00000001167",-0.110995116095995
"AL365205.1","ENSG00000124593",0.00601835157778116
"TOMM6","ENSG00000214736",0.0748882379070515
"MED20","ENSG00000124641",0.265970731986526
"CCND3","ENSG00000112576",0.373819331861385
"TAF8","ENSG00000137413",0.43831727048867
"AL512274.1","ENSG00000261068",0.899371342484405
"GUCA1B","ENSG00000112599",1.19749298525271
"MRPS10","ENSG00000048544",0.09857387633721
"TRERF1","ENSG00000124496",-0.340300207949402
"UBR2","ENSG00000024048",0.275925455898695
"RPL7L1","ENSG00000146223",0.516143355334602
"PPP2R5D","ENSG00000112640",0.485595744863026
"RRP36","ENSG00000124541",0.0876663606399496
"CUL7","ENSG00000044090",0.0208181701625632
"CUL9","ENSG00000112659",0.356024290667787
"TTBK1","ENSG00000146216",0.760344794276364
"CRIP3","ENSG00000146215",1.11185364985501
"YIPF3","ENSG00000137207",0.350045696281932
"POLH","ENSG00000170734",0.657537243345564
"VEGFA","ENSG00000112715",0.989701347571635
"C6orf223","ENSG00000181577",0.22430199361151
"AL109615.1","ENSG00000183239",0.538977193192591
"TMEM63B","ENSG00000137216",0.061762372370763
"SLC29A1","ENSG00000112759",0.75374893748133
"MIR4647","ENSG00000284427",-0.101908671346046
"NFKBIE","ENSG00000146232",-0.215763958704544
"TMEM151B","ENSG00000178233",0.345303043519206
"CD2AP","ENSG00000198087",-0.125498086942948
"FTH1P5","ENSG00000230204",-0.960334227005769
"TMEM14A","ENSG00000096092",-0.584196262118334
"CILK1","ENSG00000112144",0.583320634347411
"KLHL31","ENSG00000124743",0.296804205648662
"EEF1A1","ENSG00000156508",0.529144281136442
"AL590428.1","ENSG00000231652",-0.441823444678838
"COX7A2","ENSG00000112695",-0.335805206505571
"TMEM30A","ENSG00000112697",-0.345312821357028
"SENP6","ENSG00000112701",0.0117925904598396
"CNR1","ENSG00000118432",-1.46917885214334
"UBE2J1","ENSG00000198833",0.0516777501086201
"BACH2","ENSG00000112182",1.67720979746864
"GPR63","ENSG00000112218",-0.130459882281779
"FAXC","ENSG00000146267",1.01228020340087
"PDSS2","ENSG00000164494",-0.841214260857709
"TRAF3IP2","ENSG00000056972",0.728723547836774
"MARCKS","ENSG00000277443",-0.565550826174043
"ROS1","ENSG00000047936",-2.36637957248128
"VNN2","ENSG00000112303",0.673038508148051
"SGK1","ENSG00000118515",-1.37116243934379
"MAP7","ENSG00000135525",0.460125769287851
"HEBP2","ENSG00000051620",0.168044638678142
"AL590617.2","ENSG00000225177",1.2854938975235
"ADGRG6","ENSG00000112414",-0.548443715920151
"AIG1","ENSG00000146416",-0.972877355203622
"KATNBL1P6","ENSG00000228283",-0.435613349099734
"YAP1P1","ENSG00000220494",-0.998184198849275
"AL355312.2","ENSG00000231760",0.793285052384508
"RAET1E","ENSG00000164520",-0.980347300301909
"MTHFD1L","ENSG00000120254",-0.00785904456517997
"RPS6KA2","ENSG00000071242",-1.23255654645986
"DACT2","ENSG00000164488",-0.584595624756134
"MICALL2","ENSG00000164877",-0.336271133941273
"CHST12","ENSG00000136213",-0.803921073778801
"AC092171.3","ENSG00000234432",-0.00743790350516505
"PMS2CL","ENSG00000187953",-0.113446089858436
"MIOS","ENSG00000164654",0.114116339401853
"AC007161.3","ENSG00000283549",-0.559632763752152
"AC005019.1","ENSG00000213875",0.461626272114839
"ETV1","ENSG00000006468",-2.05167754832348
"BZW2","ENSG00000136261",-0.171415911995843
"AC005082.1","ENSG00000226816",0.759998514072109
"SKAP2","ENSG00000005020",-1.52707021761575
"AC004009.1","ENSG00000224322",0.452087783247329
"AC007130.1","ENSG00000286478",1.09768016294032
"LINC01176","ENSG00000281404",0.354757610290937
"AC018645.3","ENSG00000273014",0.0817870366376869
"LINC00997","ENSG00000281332",0.267553386131625
"FKBP9","ENSG00000122642",-0.641091700890508
"AC018647.2","ENSG00000271122",-0.770533869508666
"RWDD4P2","ENSG00000175741",0.0101837806413091
"IGFBP1","ENSG00000146678",-2.30664971959047
"AC004870.2","ENSG00000223829",-3.66176004680976
"ABCA13","ENSG00000179869",0.455199463810345
"HAUS6P1","ENSG00000227344",-0.214502956129987
"AC092647.1","ENSG00000225018",-0.622530495517456
"GABPAP","ENSG00000235720",-0.470053473522374
"GTF2IRD1P1","ENSG00000230583",-0.681102979598989
"MTCO2P25","ENSG00000230654",-0.283270814349815
"MTCO1P25","ENSG00000229031",0.0172191507601867
"STX1A","ENSG00000106089",0.251221255763709
"METTL27","ENSG00000165171",0.779790578549674
"CLIP2","ENSG00000106665",0.688726171026438
"PMS2P3","ENSG00000127957",-0.0453924268836093
"STYXL1","ENSG00000127952",-0.180728119864697
"RSBN1L","ENSG00000187257",0.149342938902455
"PCLO","ENSG00000186472",-0.869508704497108
"ABCB1","ENSG00000085563",0.257592365734741
"DBF4","ENSG00000006634",0.304667784713309
"EEF1A1P28","ENSG00000237709",0.720199990847895
"CFAP69","ENSG00000105792",-0.670559348270455
"GTPBP10","ENSG00000105793",0.0372435933317757
"CYP51A1","ENSG00000001630",-0.0859611672761026
"AC000120.3","ENSG00000285772",-0.0840858874036438
"ASNS","ENSG00000070669",1.26702185363058
"AC079781.5","ENSG00000284707",1.23256687801092
"LMTK2","ENSG00000164715",0.110948093994715
"BAIAP2L1","ENSG00000006453",0.316451838524687
"SMURF1","ENSG00000198742",0.0138782958521723
"GAL3ST4","ENSG00000197093",1.41409871745454
"STAG3","ENSG00000066923",0.565421901212087
"C7orf61","ENSG00000185955",0.701415834242426
"AGFG2","ENSG00000106351",-1.10882264821277
"FBXO24","ENSG00000106336",-0.181485923855885
"EPHB4","ENSG00000196411",0.465600703542141
"PLOD3","ENSG00000106397",0.412677604130825
"ARMC10","ENSG00000170632",0.425131995407269
"DNAJC2","ENSG00000105821",0.294276811069162
"AC005070.3","ENSG00000272918",0.307203802684887
"HBP1","ENSG00000105856",0.110484327487417
"DUS4L","ENSG00000105865",0.137858669016306
"SLC26A4","ENSG00000091137",1.39601853818568
"CBLL1","ENSG00000105879",0.202465000775876
"NRCAM","ENSG00000091129",-0.898094854038625
"ZNF277","ENSG00000198839",0.321409914983339
"IFRD1","ENSG00000006652",0.330924361063835
"AC005192.1","ENSG00000288640",0.308163181331609
"LSMEM1","ENSG00000181016",-0.0262170938974086
"LSM8","ENSG00000128534",0.292345493714611
"ING3","ENSG00000071243",-0.120905231944245
"PTPRZ1","ENSG00000106278",0.605693994410321
"WASL","ENSG00000106299",-0.0811017033621458
"EEF1GP1","ENSG00000186676",0.211157849206889
"ZNF800","ENSG00000048405",-0.0802616788427938
"AC000123.3","ENSG00000280347",-0.00457509319607845
"CALU","ENSG00000128595",-0.64191330947898
"ATP6V1FNB","ENSG00000272899",0.270608481785769
"IRF5","ENSG00000128604",0.899997005522346
"SMO","ENSG00000128602",1.27126957298969
"SMKR1","ENSG00000240204",-0.183725422003793
"AC084864.2","ENSG00000286380",0.751283173955932
"CPA4","ENSG00000128510",-3.28132665143813
"CREB3L2","ENSG00000182158",-0.685881902361764
"UBN2","ENSG00000157741",-0.047355687270839
"LUC7L2","ENSG00000146963",-0.157840874555762
"FMC1-LUC7L2","ENSG00000269955",-0.179385272977208
"KDM7A","ENSG00000006459",0.698323348477813
"SLC37A3","ENSG00000157800",-0.197720825455231
"MKRN1","ENSG00000133606",0.06460126359178
"DENND2A","ENSG00000146966",0.209409878036777
"DENND11","ENSG00000257093",-0.104807333313644
"RN7SL535P","ENSG00000239419",0.108969326219387
"FAM131B","ENSG00000159784",1.35250534119194
"TCAF1","ENSG00000198420",-0.0702173134213146
"GIMAP2","ENSG00000106560",0.041404335318187
"KCNH2","ENSG00000055118",1.31306483573749
"NOS3","ENSG00000164867",1.43354682576563
"H2BE1","ENSG00000285480",1.59900934598054
"NUB1","ENSG00000013374",0.206857173884125
"ACTR3B","ENSG00000133627",0.15530243036052
"PAXIP1-AS1","ENSG00000273344",-0.263275284221832
"RBM33","ENSG00000184863",-0.0628802874175371
"SHH","ENSG00000164690",1.50029928658728
"NOM1","ENSG00000146909",0.0838577240072475
"MNX1","ENSG00000130675",0.855584544485365
"MNX1-AS1","ENSG00000243479",0.545439521506074
"PRKX","ENSG00000183943",0.763906709672803
"RNU6-146P","ENSG00000207332",0.714238341826025
"FAM9B","ENSG00000177138",-2.14499977550588
"CLCN4","ENSG00000073464",-0.581915177765853
"HCCS","ENSG00000004961",-0.567140944617179
"LINC02154","ENSG00000235385",2.52369826871712
"TCEANC","ENSG00000176896",-0.522558469964528
"REPS2","ENSG00000169891",-0.580731712314731
"CDKL5","ENSG00000008086",-0.509550367608189
"PPEF1","ENSG00000086717",0.553542786768297
"PHKA2-AS1","ENSG00000237836",-1.34943631982342
"YY2","ENSG00000230797",-0.63945317423476
"EEF1B2P3","ENSG00000232472",-0.307003853328314
"RPS15AP40","ENSG00000233921",-0.14661409437883
"BCOR","ENSG00000183337",-0.402055807966849
"ATP6AP2","ENSG00000182220",-0.530237939947918
"CXorf38","ENSG00000185753",0.0648329281096296
"MAOB","ENSG00000069535",-2.01618682498503
"KRT8P14","ENSG00000214282",-1.26224612868371
"RGN","ENSG00000130988",0.289500997833992
"TIMP1","ENSG00000102265",-1.68346212718507
"FTSJ1","ENSG00000068438",-0.734289550133021
"PORCN","ENSG00000102312",-1.61379665724932
"EBP","ENSG00000147155",-0.669293343287689
"AF196969.1","ENSG00000286268",-0.640405006488226
"CACNA1F","ENSG00000102001",1.08820024384455
"MAGED1","ENSG00000179222",-1.11367009854101
"EIF4A2P4","ENSG00000224781",-0.0429476994617985
"IQSEC2","ENSG00000124313",-0.545939384619444
"SMC1A","ENSG00000072501",-0.312287670435982
"AC233728.1","ENSG00000233250",-0.693411980386955
"FAM120C","ENSG00000184083",-0.910353448515186
"PAGE2B","ENSG00000238269",1.29044837704664
"NBDY","ENSG00000204272",-0.507522388576303
"AL158201.1","ENSG00000228328",-0.835254316364526
"EDA","ENSG00000158813",2.69879443888404
"IGBP1","ENSG00000089289",0.181024449504753
"CXorf65","ENSG00000204165",0.107983553779532
"NLGN3","ENSG00000196338",0.889447461540368
"AL590762.3","ENSG00000224208",0.195850147889867
"AL133500.1","ENSG00000285547",-0.366844698280952
"MAGEE1","ENSG00000198934",1.76494411009809
"MAGT1","ENSG00000102158",-0.51996589193748
"TAF9B","ENSG00000187325",-0.47818815231082
"POF1B","ENSG00000124429",1.91347390790224
"EEF1A1P29","ENSG00000215093",0.306064652451365
"CENPI","ENSG00000102384",-0.421172492094471
"TCEAL3","ENSG00000196507",-0.786525938338592
"TMSB15B-AS1","ENSG00000231728",0.493643041180551
"KLHL13","ENSG00000003096",0.939076655799148
"AL121601.1","ENSG00000232412",-0.598504254408293
"BCORL1","ENSG00000085185",0.296144056644151
"STK26","ENSG00000134602",-0.0677409565695116
"GPC4","ENSG00000076716",2.68459513344112
"FGF13","ENSG00000129682",2.57147999047403
"FTH1P8","ENSG00000219507",-1.01929469021459
"LINC00893","ENSG00000241769",-1.56683261842429
"PNMA6A","ENSG00000235961",2.18378487050066
"BGN","ENSG00000182492",1.16495107805492
"ABCD1","ENSG00000101986",-1.40722447436077
"L1CAM","ENSG00000198910",-0.41962835282094
"CH17-340M24.3","ENSG00000197180",-1.00975048107796
"ATP6AP1","ENSG00000071553",-0.596040329467785
"LAGE3","ENSG00000196976",-0.525903701569785
"G6PD","ENSG00000160211",-0.744102511381449
"FUNDC2","ENSG00000165775",-0.479687359890324
"KBTBD11","ENSG00000176595",0.417213904160978
"HSPD1P3","ENSG00000255128",0.0649087598786413
"DMTN","ENSG00000158856",0.754611860596995
"AC105046.1","ENSG00000261026",0.236747388718951
"GNRH1","ENSG00000147437",0.316319623512503
"FZD3","ENSG00000104290",2.12533151530527
"HMBOX1","ENSG00000147421",0.311923681480934
"AC108449.2","ENSG00000259366",0.158474607834629
"NRG1","ENSG00000157168",1.69004600772313
"RNF122","ENSG00000133874",0.231880674674149
"EIF4EBP1","ENSG00000187840",0.717925520724073
"AP006545.1","ENSG00000260949",0.785990071864384
"NSD3","ENSG00000147548",0.144404697086086
"ANK1","ENSG00000029534",0.552818607759453
"ASNSP1","ENSG00000248498",0.934839992900942
"RPL29P19","ENSG00000224594",-1.21319317556167
"AC100805.1","ENSG00000286878",-1.65951306590785
"SNAI2","ENSG00000019549",-1.54572941668198
"AC013701.2","ENSG00000287788",-1.19518397881877
"SDR16C5","ENSG00000170786",0.40466268123056
"CLVS1","ENSG00000177182",-0.824207546832792
"NKAIN3","ENSG00000185942",-2.40426245368277
"SLCO5A1","ENSG00000137571",1.81893069941758
"PKIA","ENSG00000171033",1.46135613816045
"AC009812.1","ENSG00000251867",-0.0780492898795652
"CKS1BP7","ENSG00000254331",0.417731102711541
"AC009902.3","ENSG00000272425",0.148439146348593
"FTH1P11","ENSG00000237264",-0.941691571145239
"LRRCC1","ENSG00000133739",-0.977891003158337
"E2F5","ENSG00000133740",-0.334957383094547
"TMEM64","ENSG00000180694",-0.513557251445976
"TMEM67","ENSG00000164953",-0.987444481395325
"PTDSS1","ENSG00000156471",-0.748279710162063
"TSPYL5","ENSG00000180543",6.21490910768825
"LAPTM4B","ENSG00000104341",-1.29427742213486
"RIDA","ENSG00000132541",-0.778751855376183
"AP000424.1","ENSG00000253666",1.49131832464756
"PABPC1","ENSG00000070756",0.23339523630531
"UBR5-AS1","ENSG00000246263",0.0596819983479357
"ANGPT1","ENSG00000154188",-2.05840941419061
"HAS2","ENSG00000170961",-1.58868605244939
"HAS2-AS1","ENSG00000248690",-1.5396392002837
"AC103706.1","ENSG00000261220",-1.45292192847352
"PTP4A3","ENSG00000184489",1.2031985886661
"DOCK8","ENSG00000107099",1.24949308077959
"RFX3","ENSG00000080298",-0.0285693182395513
"ERMP1","ENSG00000099219",-0.162678898635253
"KIAA2026","ENSG00000183354",-0.0584936820079613
"UHRF2","ENSG00000147854",0.30332569469975
"GLDC","ENSG00000178445",1.05866426549003
"AL354707.2","ENSG00000232946",0.549327556266157
"RPS6","ENSG00000137154",0.277653504438583
"FOCAD","ENSG00000188352",-1.88468569560795
"B4GALT1","ENSG00000086062",-0.417639042316327
"PTENP1","ENSG00000237984",0.480377284669883
"DNAI1","ENSG00000122735",-1.50178907971053
"CD72","ENSG00000137101",0.187111583360665
"AL133410.1","ENSG00000227388",0.198559287986015
"NPR2","ENSG00000159899",0.396999734364146
"GLIPR2","ENSG00000122694",1.46969860459227
"RNF38","ENSG00000137075",0.139367664008275
"EBLN3P","ENSG00000281649",-1.24637994090496
"DCAF10","ENSG00000122741",0.04660584128875
"FRG1HP","ENSG00000276291",0.485253615448463
"AL353763.2","ENSG00000280077",0.429147723234682
"AL353763.1","ENSG00000279456",0.0353799188816559
"CBWD6","ENSG00000215126",0.566014570584897
"FAM27C","ENSG00000231527",-0.0429807886100687
"ANKRD20A1","ENSG00000260691",-0.211884087453515
"CBWD3","ENSG00000196873",0.181526593558073
"FXN","ENSG00000165060",-0.265247468419678
"FAM189A2","ENSG00000135063",2.54127952045379
"MAMDC2-AS1","ENSG00000204706",-0.180286851997223
"C9orf85","ENSG00000155621",0.0897485582668196
"GCNT1","ENSG00000187210",-1.45219766470016
"GNAQ","ENSG00000156052",0.0155189840728152
"AL354733.3","ENSG00000235298",0.0510006892150563
"GADD45G","ENSG00000130222",0.366372275781348
"IARS1","ENSG00000196305",-0.0795785067111737
"AL160269.1","ENSG00000285269",0.212118380625855
"SLC35D2","ENSG00000130958",0.196771701025371
"CDC14B","ENSG00000081377",-0.301001852622912
"ANP32B","ENSG00000136938",0.397746734351066
"STX17-AS1","ENSG00000255145",0.704909496493377
"TEX10","ENSG00000136891",0.205784885184529
"CAVIN4","ENSG00000170681",-0.621360127080574
"ACTG1P19","ENSG00000237999",-0.867959750193628
"TMEM245","ENSG00000106771",-0.873956212091829
"PTPN3","ENSG00000070159",0.234302234536361
"PTGR1","ENSG00000106853",-0.607715734398945
"AL158824.1","ENSG00000225513",0.739325307759351
"PTBP3","ENSG00000119314",0.164950521279272
"FAM225B","ENSG00000225684",-0.832556002374807
"RNF183","ENSG00000165188",0.53300386526338
"KIF12","ENSG00000136883",0.337523025751335
"AKNA","ENSG00000106948",0.497559946570589
"ASTN2","ENSG00000148219",-1.53896519775521
"MIR600","ENSG00000283941",-0.204925609122774
"NR6A1","ENSG00000148200",-0.532644359398158
"GARNL3","ENSG00000136895",0.0354628176784741
"AL162426.1","ENSG00000279571",0.347311624740124
"SH2D3C","ENSG00000095370",0.909497874236947
"PIP5KL1","ENSG00000167103",-0.0887385640982361
"AIF1L","ENSG00000126878",2.15130677210207
"NTNG2","ENSG00000196358",0.654612191339293
"EEF1A1P5","ENSG00000196205",0.410798415989711
"C9orf116","ENSG00000160345",-0.738860569969917
"C9orf163","ENSG00000196366",-0.512130902587876
"NOTCH1","ENSG00000148400",0.655999828165064
"SNHG7","ENSG00000233016",0.386114553234379
"PTGDS","ENSG00000107317",-3.08358970779421
"AL807752.7","ENSG00000284341",-2.98682902791189
"LCNL1","ENSG00000214402",-2.34436482514552
"NRARP","ENSG00000198435",1.28751301295501
"PGGHG","ENSG00000142102",0.623405226875488
"AP006621.5","ENSG00000279672",-0.728229518316637
"CD151","ENSG00000177697",-0.835293709263334
"POLR2L","ENSG00000177700",-1.14754051693086
"TSPAN4","ENSG00000214063",-1.41489001687356
"AP2A2","ENSG00000183020",-0.687930027448686
"BRSK2","ENSG00000174672",-1.19607749472024
"OSBPL5","ENSG00000021762",-0.89630379854843
"STIM1","ENSG00000167323",-0.85071323135702
"SMPD1","ENSG00000166311",-0.693360355893085
"DCHS1","ENSG00000166341",0.451215738203694
"SYT9","ENSG00000170743",-0.0486773406744299
"EIF3F","ENSG00000175390",0.0645831667947558
"SNORD97","ENSG00000238622",0.159279149845763
"AC116535.1","ENSG00000246308",0.957805498963547
"SPON1","ENSG00000262655",2.92011697272369
"PSMA1","ENSG00000129084",-0.0883510877396842
"SOX6","ENSG00000110693",-1.50625293254045
"RPS13","ENSG00000110700",0.162674164751288
"SNORD14A","ENSG00000272034",0.0343720144054709
"SNORD14B","ENSG00000201403",-0.144615823616522
"TSG101","ENSG00000074319",-0.160973941920065
"AC027544.1","ENSG00000256361",0.210916252581765
"EIF3M","ENSG00000149100",0.272772856066166
"CCDC73","ENSG00000186714",1.20856949180714
"PRRG4","ENSG00000135378",1.1680240887023
"CSTF3-DT","ENSG00000247151",0.510080187814317
"TRAF6","ENSG00000175104",0.0746958134264544
"TTC17","ENSG00000052841",-0.0277011979845066
"AC087521.2","ENSG00000246250",-0.0999477263664416
"LARGE2","ENSG00000165905",1.15377577273052
"PHF21A","ENSG00000135365",0.161204682514603
"ACP2","ENSG00000134575",-0.876573478544679
"KBTBD4","ENSG00000123444",-0.609183630468458
"FNBP4","ENSG00000109920",0.0130876447030205
"SLC43A1","ENSG00000149150",1.00007397007943
"FAM111B","ENSG00000189057",-1.03207370420618
"AP003778.1","ENSG00000287264",-0.259404185502792
"SLC15A3","ENSG00000110446",0.9282142913556
"CD6","ENSG00000013725",1.48844843818526
"VWCE","ENSG00000167992",1.18818134487901
"FTH1","ENSG00000167996",-0.83549344118458
"CSKMT","ENSG00000214756",-0.0260523440697107
"RNU2-2P","ENSG00000222328",-0.686291488839976
"SNHG1","ENSG00000255717",0.0567508374679113
"SPINDOC","ENSG00000168005",0.304738908563767
"AP001453.3","ENSG00000257086",-0.202756664916106
"AP003068.4","ENSG00000278952",0.322139545347545
"AP000769.3","ENSG00000274072",-0.264695791019167
"LTBP3","ENSG00000168056",-2.20038668933108
"SLC29A2","ENSG00000174669",-0.407965606581471
"PC","ENSG00000173599",-1.24258795920925
"C11orf86","ENSG00000173237",-2.37818724697615
"SYT12","ENSG00000173227",-2.09406528187457
"GRK2","ENSG00000173020",0.277002453743829
"CABP4","ENSG00000175544",-2.10541821173599
"DOC2GP","ENSG00000231793",1.11646027119875
"ALDH3B1","ENSG00000006534",-1.36370403876183
"KMT5B","ENSG00000110066",-0.0146075924382822
"GAL","ENSG00000069482",3.09451801499215
"TESMIN","ENSG00000132749",0.380252489699571
"LINC02701","ENSG00000250508",-0.930966971023112
"SMIM38","ENSG00000284713",0.805594749773793
"DHCR7","ENSG00000172893",-0.520195460426505
"AP003717.1","ENSG00000255847",1.08182891597583
"AP001372.4","ENSG00000254974",0.895280517558411
"RNF169","ENSG00000166439",0.176234589708168
"RPS3","ENSG00000149273",0.248100583111687
"SNORD15A","ENSG00000206941",0.347891552815945
"GDPD5","ENSG00000158555",0.712149175311147
"MAP6","ENSG00000171533",1.49356624872552
"AP003119.3","ENSG00000261578",0.5583856202865
"ACER3","ENSG00000078124",0.625656884721263
"CLNS1A","ENSG00000074201",0.148753750043343
"RSF1","ENSG00000048649",-0.143270641560062
"AP000580.1","ENSG00000219529",0.436114190698297
"AAMDC","ENSG00000087884",-0.306399283240953
"USP35","ENSG00000118369",-0.590214682451847
"GAB2","ENSG00000033327",0.202369113244237
"NARS2","ENSG00000137513",-0.165968155999461
"PCF11","ENSG00000165494",-0.100388287996076
"CHORDC1","ENSG00000110172",-0.18119347647387
"FAT3","ENSG00000165323",-2.27483786521264
"TAF1D","ENSG00000166012",0.112489978950882
"SNORD6","ENSG00000202314",-0.321865118766996
"SNORA1","ENSG00000206834",-0.364757326729967
"SNORD5","ENSG00000239195",-0.295361024268098
"SNORA18","ENSG00000207145",-0.0043167992173601
"MIR1304","ENSG00000284458",-0.060704135638058
"SNORA40","ENSG00000210825",0.0819922344874573
"AP001273.2","ENSG00000284057",-0.239226465376702
"MRE11","ENSG00000020922",0.0136957501873466
"ANKRD49","ENSG00000168876",0.138059035545644
"SRSF8","ENSG00000263465",-0.0669120543897812
"DCUN1D5","ENSG00000137692",-0.427844875651685
"AP001486.2","ENSG00000260966",-0.526857439223834
"CARD17","ENSG00000255221",2.01502976641575
"CWF19L2","ENSG00000152404",0.148683774335904
"EXPH5","ENSG00000110723",1.16951172352976
"ZC3H12C","ENSG00000149289",-0.960093876747654
"LINC02732","ENSG00000254416",-0.383756521673821
"C11orf1","ENSG00000137720",-0.278043799563659
"ZBTB16","ENSG00000109906",-0.277368413568562
"NNMT","ENSG00000166741",-1.32365362613968
"AP005018.2","ENSG00000254851",1.05235756615238
"TAGLN","ENSG00000149591",0.269750621896286
"AP000892.4","ENSG00000280143",0.256716587839862
"IL10RA","ENSG00000110324",0.420603342412919
"TMPRSS4","ENSG00000137648",0.430399817803645
"MPZL3","ENSG00000160588",0.133261686859912
"CCDC84-DT","ENSG00000255121",-1.09954644370918
"SLC37A4","ENSG00000137700",-0.109408015863728
"C2CD2L","ENSG00000172375",0.0909050108707559
"ABCG4","ENSG00000172350",-0.29682945636801
"NLRX1","ENSG00000160703",-0.0422313194954363
"USP2-AS1","ENSG00000245248",-1.03051432046931
"SC5D","ENSG00000109929",-0.0256188105076295
"BMPR1AP2","ENSG00000232460",-0.119439461632344
"ZNF202","ENSG00000166261",0.0658259645062724
"TBRG1","ENSG00000154144",-0.0314599558567037
"ROBO3","ENSG00000154134",0.976584153067139
"PUS3","ENSG00000110060",-0.167339896614178
"TP53AIP1","ENSG00000120471",0.920817151265988
"PRDM10","ENSG00000170325",-0.287803604658197
"ELOBP2","ENSG00000255262",-1.06869163805932
"ADAMTS15","ENSG00000166106",-3.30903896876978
"JAM3","ENSG00000166086",2.15756383140165
"VPS26B","ENSG00000151502",-0.055711259898294
"IDI1","ENSG00000067064",-0.0634070561335098
"WDR37","ENSG00000047056",0.113311933331495
"PITRM1","ENSG00000107959",0.251386429745516
"PITRM1-AS1","ENSG00000237399",0.310569364057032
"AL513303.1","ENSG00000287175",-0.936606989617122
"RPL12P28","ENSG00000240180",0.325996808575855
"FBH1","ENSG00000134452",-0.0465222403559618
"UPF2","ENSG00000151461",-0.0246975096068303
"BEND7","ENSG00000165626",0.929033198887569
"AL157392.5","ENSG00000282246",-0.00832773416423363
"RPP38","ENSG00000152464",0.0295035904254919
"C10orf67","ENSG00000179133",-1.1706566076019
"RN7SKP241","ENSG00000240294",0.0678637105732225
"ARMC4","ENSG00000169126",1.76296504719481
"MPP7","ENSG00000150054",0.902628216846708
"JCAD","ENSG00000165757",-0.901340815278656
"C1DP1","ENSG00000231245",0.178019385159763
"HSD17B7P2","ENSG00000099251",-0.0404471035749461
"ZNF33B","ENSG00000196693",0.114864863430193
"AL022345.4","ENSG00000285884",0.510020555979694
"RET","ENSG00000165731",0.195341808415349
"RASSF4","ENSG00000107551",-1.66911925136878
"ZNF22-AS1","ENSG00000165511",0.55679876037022
"AL591684.2","ENSG00000254929",-0.0963684182995479
"AGAP6","ENSG00000204149",0.132257694915404
"SLC16A9","ENSG00000165449",0.714511651951289
"ANK3","ENSG00000151150",1.3712530545776
"RHOBTB1","ENSG00000072422",-0.0912137782429777
"ZNF365","ENSG00000138311",-0.967964912150214
"AC024598.1","ENSG00000285837",-1.40732497137341
"JMJD1C","ENSG00000171988",0.132521445493698
"DBF4P1","ENSG00000235489",0.232915156344117
"DNAJC12","ENSG00000108176",0.637420068286468
"RPS3AP38","ENSG00000226318",-0.60847471352542
"AL513534.1","ENSG00000221184",-0.212601172639279
"KIFBP","ENSG00000198954",0.0383859176296189
"AIFM2","ENSG00000042286",0.252476009191616
"PCBD1","ENSG00000166228",0.501556060057431
"CHST3","ENSG00000122863",-0.363459933994423
"MCU","ENSG00000156026",-0.0936004116032651
"PPP3CB-AS1","ENSG00000221817",-0.032610295959176
"AC073389.3","ENSG00000272791",0.359943675458192
"FUT11","ENSG00000196968",0.207555204282214
"AC022400.5","ENSG00000272916",-0.00363172156290266
"VDAC2","ENSG00000165637",0.260689539799497
"IMPDH1P5","ENSG00000213513",-0.689800279213981
"DLG5","ENSG00000151208",-0.0964971793668117
"ZMIZ1-AS1","ENSG00000224596",-0.51560199027161
"ZMIZ1","ENSG00000108175",0.335572885048949
"AL132656.4","ENSG00000280355",0.607759457994786
"AL132656.1","ENSG00000224886",0.332017478352726
"MAT1A","ENSG00000151224",1.93728448244721
"WAPL","ENSG00000062650",0.010191793083417
"PAPSS2","ENSG00000198682",-1.90213469803219
"PTEN","ENSG00000171862",0.215462221803118
"ANKRD22","ENSG00000152766",0.70601394208103
"PPP1R3C","ENSG00000119938",-1.58954889232028
"TNKS2","ENSG00000107854",0.100931374909268
"RPL17P34","ENSG00000213432",0.23180774284356
"CCNJ","ENSG00000107443",0.275564412889822
"BLNK","ENSG00000095585",0.529469714341711
"NPM1P25","ENSG00000229417",0.296646693554705
"PIK3AP1","ENSG00000155629",0.708361147252461
"SLIT1","ENSG00000187122",0.788215209061439
"ARHGAP19","ENSG00000213390",0.297442491320063
"PGAM1","ENSG00000171314",-0.406491749377134
"PYROXD2","ENSG00000119943",-1.45406679959269
"MIR1287","ENSG00000284415",-1.78302606221871
"CWF19L1","ENSG00000095485",0.203902795901362
"POLL","ENSG00000166169",-0.0532782982568804
"RPARP-AS1","ENSG00000269609",0.00492284713389501
"ARL3","ENSG00000138175",-0.160063488966068
"TAF5","ENSG00000148835",0.562080827280371
"CFAP58","ENSG00000120051",2.09790690229498
"MXI1","ENSG00000119950",0.164270771139713
"GUCY2GP","ENSG00000243316",-1.9232714748661
"NHLRC2","ENSG00000196865",-0.0406503349781877
"CCDC186","ENSG00000165813",0.0478092587052864
"FAM160B1","ENSG00000151553",0.371505775221995
"AL139407.1","ENSG00000277687",0.0576333214504952
"DENND10","ENSG00000119979",0.421156344809891
"NSMCE4A","ENSG00000107672",0.409439389452609
"C10orf88B","ENSG00000255624",0.458496369990304
"IKZF5","ENSG00000095574",0.143201764096644
"DHX32","ENSG00000089876",0.374485434800861
"C10orf143","ENSG00000237489",-0.840712760788769
"AL139123.1","ENSG00000277218",0.205957724701905
"STK32C","ENSG00000165752",-0.0709806259936953
"SLC6A12","ENSG00000111181",-0.283078174514926
"AC007406.5","ENSG00000261799",0.0971512834762449
"WNT5B","ENSG00000111186",1.44297423796905
"CACNA1C","ENSG00000151067",0.478390667206885
"FOXM1","ENSG00000111206",-0.0973960261119209
"CRACR2A","ENSG00000130038",2.05446602543572
"AC005831.1","ENSG00000280202",2.57649094776455
"DYRK4","ENSG00000010219",0.245794288422392
"SCNN1A","ENSG00000111319",-1.09295864211941
"AC006064.3","ENSG00000255966",-1.21422455371159
"COPS7A","ENSG00000111652",-0.833808042991685
"LRRC23","ENSG00000010626",-0.249028431989347
"ENO2","ENSG00000111674",0.519601895038224
"ATN1","ENSG00000111676",-0.207697567793759
"RPS3AP43","ENSG00000242661",0.246815933008308
"RIMKLB","ENSG00000166532",1.32358510147484
"PHC1","ENSG00000111752",0.283462774620052
"CD69","ENSG00000110848",-2.49981124210439
"STYK1","ENSG00000060140",-0.550350517257098
"CREBL2","ENSG00000111269",-0.207799802385558
"AC007688.2","ENSG00000241352",0.306000725254132
"HTR7P1","ENSG00000183935",-0.298443090368041
"RERG","ENSG00000134533",-2.44944381447815
"CMAS","ENSG00000111726",0.0859428058942655
"BCAT1","ENSG00000060982",4.14689236765581
"LMNTD1","ENSG00000152936",-0.849930021456336
"SMCO2","ENSG00000165935",2.02237011952048
"TMTC1","ENSG00000133687",0.961479320974263
"SINHCAF","ENSG00000139146",0.390067200416513
"AC026356.2","ENSG00000276115",0.0719019787677502
"AC084824.5","ENSG00000276148",0.300107346844177
"AC084824.1","ENSG00000257511",0.00965432035850713
"YARS2","ENSG00000139131",-0.161887386893912
"AC084824.3","ENSG00000274105",0.103730496687732
"YAF2","ENSG00000015153",0.51774951260883
"AC079684.1","ENSG00000274943",0.214510504070933
"EEF1A1P17","ENSG00000257907",0.275111449656215
"IRAK4","ENSG00000198001",0.297993806982877
"ARID2","ENSG00000189079",0.510820655147206
"SCAF11","ENSG00000139218",0.234104521259189
"SLC38A1","ENSG00000111371",0.544590081240508
"AC025031.4","ENSG00000275481",-0.542344032272074
"AC004801.6","ENSG00000276814",0.652608902124676
"RND1","ENSG00000172602",0.317308424234925
"DDN","ENSG00000181418",0.81823416230978
"SPATS2","ENSG00000123352",0.646420805222831
"AC125611.2","ENSG00000257954",-0.5371163307583
"KCNH3","ENSG00000135519",0.221607059510751
"LIMA1","ENSG00000050405",0.350452584049123
"SLC11A2","ENSG00000110911",0.0565893604902935
"LETMD1","ENSG00000050426",0.289943234289007
"POU6F1","ENSG00000184271",1.3181244614063
"SMAGP","ENSG00000170545",0.191588248445992
"GALNT6","ENSG00000139629",1.37348485036113
"ITGB7","ENSG00000139626",-0.851359177126155
"ZNF385A","ENSG00000161642",1.55162323805189
"PDE1B","ENSG00000123360",1.47161383257306
"PHC1P1","ENSG00000179899",-0.0660064598480279
"ITGA7","ENSG00000135424",-0.109727915084473
"RPL41","ENSG00000229117",0.252527171808163
"IL23A","ENSG00000110944",0.469747403362441
"GLS2","ENSG00000135423",0.953827825297445
"PTGES3","ENSG00000110958",0.124144961919464
"NACA","ENSG00000196531",0.337265118808662
"AC117378.1","ENSG00000285625",0.300885782185879
"SHMT2","ENSG00000182199",0.683035141417026
"INHBC","ENSG00000175189",0.856316590643432
"INHBE","ENSG00000139269",0.621933351905274
"MARS1","ENSG00000166986",0.341714696939676
"DDIT3","ENSG00000175197",0.263429470642223
"AC022506.1","ENSG00000285133",0.223356908137791
"MIR616","ENSG00000208028",0.157474217491604
"OS9","ENSG00000135506",-0.184202760439177
"XPOT","ENSG00000184575",0.471614148664418
"TBK1","ENSG00000183735",0.102298516616347
"TBC1D30","ENSG00000111490",0.222343050346884
"AC078815.1","ENSG00000288591",0.266398677294232
"NUP107","ENSG00000111581",0.215359450310245
"CPSF6","ENSG00000111605",0.076467252960309
"AC025263.2","ENSG00000258052",0.282216876136191
"TMEM19","ENSG00000139291",-0.717578140951451
"ATXN7L3B","ENSG00000253719",-0.0881640423981163
"ATP2B1-AS1","ENSG00000271614",-1.47871670343228
"DCN","ENSG00000011465",-3.36017689316353
"BTG1","ENSG00000133639",-0.750012904154041
"AMDHD1","ENSG00000139344",-1.26069635273699
"LTA4H","ENSG00000111144",0.447160058355387
"BTBD11","ENSG00000151136",2.39911898980538
"SELPLG","ENSG00000110876",-1.92450008670848
"MAPKAPK5-AS1","ENSG00000234608",0.228156791720343
"RPL6","ENSG00000089009",0.0236722460388631
"RPL29P24","ENSG00000241030",0.407418109487174
"AC156455.1","ENSG00000256546",0.378392974388055
"AC068790.5","ENSG00000270061",0.16620882773113
"AC122688.1","ENSG00000256093",-0.517023786231597
"AC079949.2","ENSG00000278266",1.6368877361802
"PXMP2","ENSG00000176894",-0.930783583104084
"AC135586.2","ENSG00000256632",-0.701273402127905
"TPTE2","ENSG00000132958",0.873690671024966
"GJB2","ENSG00000165474",1.83095504994642
"GJB6","ENSG00000121742",1.533533143593
"AL161772.1","ENSG00000278291",0.791821613675095
"AL512652.1","ENSG00000275485",0.284024570555777
"LATS2","ENSG00000150457",-0.494005496199562
"USP12","ENSG00000152484",-0.282679833523029
"POLR1D","ENSG00000186184",0.0597762189413477
"PLUT","ENSG00000247381",1.08580222855517
"ATP5F1EP2","ENSG00000180389",-0.79758311858551
"CYP51A1P2","ENSG00000233588",-0.657616966787945
"SLC7A1","ENSG00000139514",0.134383972537138
"MEDAG","ENSG00000102802",-0.204206297931333
"COG6","ENSG00000133103",-0.616427734927808
"LINC00598","ENSG00000215483",-1.0841781098741
"AL133318.1","ENSG00000288542",-1.37902617616494
"FOXO1","ENSG00000150907",-1.13140465968799
"RGCC","ENSG00000102760",1.39883347864017
"SMARCE1P5","ENSG00000230793",0.713307416900233
"DLEU2","ENSG00000231607",-0.781032223469311
"ST13P4","ENSG00000232150",-0.052372126850339
"NEK5","ENSG00000197168",0.366721946362176
"AL158066.1","ENSG00000217576",0.115665079924958
"MRPS31P5","ENSG00000243406",0.0917862155677286
"LMO7DN","ENSG00000178734",0.176748435370376
"AC001226.2","ENSG00000283208",-0.65289816662158
"LINC01068","ENSG00000227676",0.53043080704954
"MIR17HG","ENSG00000215417",-0.0370946112181199
"MIR92A1","ENSG00000283705",0.756535403548651
"CLYBL","ENSG00000125246",-0.493521953020285
"ZIC2","ENSG00000043355",1.02390528588932
"MYO16","ENSG00000041515",-1.77355580682151
"MYO16-AS1","ENSG00000236242",-2.47555970196847
"IRS2","ENSG00000185950",-0.890999912032684
"COL4A1","ENSG00000187498",2.71299749138962
"COL4A2","ENSG00000134871",2.68703271721906
"AL139385.1","ENSG00000275880",0.112571061963468
"CARS2","ENSG00000134905",-0.636151337165186
"AL442128.2","ENSG00000277767",0.621976185893895
"ADPRHL1","ENSG00000153531",-1.35757256004749
"MIR548AR","ENSG00000264539",0.422781324296776
"AL589743.6","ENSG00000285990",1.58909460625584
"CCNB1IP1","ENSG00000100814",0.645968939542432
"TEP1","ENSG00000129566",0.012977604617515
"PNP","ENSG00000198805",0.296996607666275
"ZNF219","ENSG00000165804",0.992166097705663
"HNRNPC","ENSG00000092199",0.0973146669037993
"METTL3","ENSG00000165819",0.0268711424613444
"SALL2","ENSG00000165821",1.50562827110957
"ABHD4","ENSG00000100439",-0.514426326948763
"LRP10","ENSG00000197324",0.0179734637767406
"REM2","ENSG00000139890",0.72602734383956
"HAUS4","ENSG00000092036",0.106875286914216
"AL132780.3","ENSG00000259132",0.105404934113249
"AL132780.4","ENSG00000279656",0.656816923178434
"HOMEZ","ENSG00000215271",-0.169224254310429
"PPP1R3E","ENSG00000235194",-0.334122240178556
"SLC22A17","ENSG00000092096",1.09731388596156
"TM9SF1","ENSG00000100926",-0.578346516066869
"AL136295.1","ENSG00000254692",-0.555694640009674
"ADCY4","ENSG00000129467",0.823057420076564
"NFATC4","ENSG00000100968",1.40320877397565
"NYNRIN","ENSG00000205978",0.522499448500645
"HECTD1","ENSG00000092148",-0.0676502801831008
"EAPP","ENSG00000129518",0.0875198843386516
"BAZ1A","ENSG00000198604",0.0924368908150614
"AL121603.2","ENSG00000258738",0.483833592207632
"FAM177A1","ENSG00000151327",0.196917357547331
"PPIAP4","ENSG00000258591",0.291821125101428
"FBXO33","ENSG00000165355",0.0831462530716084
"AL049828.1","ENSG00000258526",0.0452803359954521
"HNRNPUP1","ENSG00000259051",-0.283852790470323
"PRPF39","ENSG00000185246",0.043028461099771
"MIS18BP1","ENSG00000129534",0.194579635072039
"RPL32P29","ENSG00000244270",0.701020388331317
"RN7SL1","ENSG00000276168",-0.48183393300932
"RHOQP1","ENSG00000258568",0.107741947459135
"DNAAF2","ENSG00000165506",0.0905617842351824
"AL139099.2","ENSG00000258450",0.160954751580103
"KLHDC2","ENSG00000165516",0.169378892680745
"RN7SL3","ENSG00000278771",-0.375408992509063
"AL627171.2","ENSG00000282885",-0.37019951587627
"RN7SL2","ENSG00000274012",-0.376276711617838
"ARF6","ENSG00000165527",0.196930084192354
"LINC01588","ENSG00000214900",-0.0501694218452764
"VCPKMT","ENSG00000100483",0.0511384036341387
"CDKL1","ENSG00000100490",0.348319510209311
"PTGER2","ENSG00000125384",-1.75268253979207
"GNPNAT1","ENSG00000100522",-0.0164310381163021
"AL139317.5","ENSG00000285664",0.292083233333403
"FERMT2","ENSG00000073712",1.02622088547519
"SOCS4","ENSG00000180008",-0.00254722731080526
"FBXO34","ENSG00000178974",-0.147940272258874
"LINC00520","ENSG00000258791",2.391467973216
"AL163952.1","ENSG00000259868",0.625716913824935
"PSMA3","ENSG00000100567",-0.0873798127621579
"L3HYPDH","ENSG00000126790",-0.451255751751349
"MNAT1","ENSG00000020426",0.273082896397686
"AL160236.2","ENSG00000258892",0.0648804941064386
"AL137918.1","ENSG00000279633",-0.971260033347145
"MTHFD1","ENSG00000100714",-0.461000315002042
"MAX","ENSG00000125952",-0.0495994168044173
"ARG2","ENSG00000081181",2.54423224716214
"SMOC1","ENSG00000198732",4.29898819644852
"DCAF4","ENSG00000119599",-0.269055298188701
"PNMA1","ENSG00000176903",-1.06583208230347
"BBOF1","ENSG00000119636",-0.910937921901036
"PGF","ENSG00000119630",0.717031245630857
"FLVCR2","ENSG00000119686",-1.18782422928711
"VASH1-AS1","ENSG00000258301",-0.0987966598714943
"SAMD15","ENSG00000100583",-1.25707043820144
"SLIRP","ENSG00000119705",-0.303845862783844
"DIO2","ENSG00000211448",-2.77156327964108
"EEF1A1P2","ENSG00000258841",0.607487825098432
"RPS6KA5","ENSG00000100784",0.939938407463508
"AL135818.1","ENSG00000258875",0.899413505932466
"GON7","ENSG00000170270",-0.551472461752335
"PPP4R4","ENSG00000119698",1.67049341708586
"SCARNA13","ENSG00000252481",0.267010227946182
"HHIPL1","ENSG00000182218",0.72727189559473
"YY1","ENSG00000100811",0.00610453261087129
"MOK","ENSG00000080823",-0.905570204424978
"AL138976.2","ENSG00000259775",0.154049506071695
"CKB","ENSG00000166165",-0.644477403113564
"AL133367.1","ENSG00000260285",-0.281875825771869
"AL049840.7","ENSG00000270108",0.00986534204931922
"JAG2","ENSG00000184916",1.50104318756698
"AL512356.1","ENSG00000257622",0.8838668555859
"TEX22","ENSG00000226174",0.0233873754945207
"MTA1","ENSG00000182979",0.143694345370976
"AC100757.1","ENSG00000273679",-0.193868758421609
"WHAMMP3","ENSG00000276141",0.767963180517023
"PDCD6IPP1","ENSG00000275325",0.341356325130428
"NIPA1","ENSG00000170113",-0.15718550759335
"UBE3A","ENSG00000114062",-0.0492875245695051
"RPL5P32","ENSG00000228992",0.311687862018805
"WHAMMP2","ENSG00000248334",0.953203637131543
"TJP1","ENSG00000104067",0.0620182380084959
"AC091057.1","ENSG00000187951",0.4637281059226
"AC091057.5","ENSG00000284783",0.303489629816724
"FAN1","ENSG00000198690",0.159722431131459
"MTMR10","ENSG00000166912",-0.112361186014375
"AVEN","ENSG00000169857",0.595671950268493
"KATNBL1","ENSG00000134152",0.212382194422549
"LPCAT4","ENSG00000176454",0.163685082945576
"AC018868.2","ENSG00000259751",-0.126284150271018
"RASGRP1","ENSG00000172575",1.22122533281206
"THBS1","ENSG00000137801",-1.46585898750812
"AC037198.1","ENSG00000276107",-2.17007812671802
"SRP14","ENSG00000140319",-0.22843191747268
"BUB1B-PAK6","ENSG00000259288",0.295891423238691
"AC091045.1","ENSG00000259536",0.201190154039132
"KNL1","ENSG00000137812",0.335117766751314
"SPINT1-AS1","ENSG00000261183",0.519938405190084
"SPINT1","ENSG00000166145",0.250754622695582
"CHAC1","ENSG00000128965",1.02110765692301
"OIP5","ENSG00000104147",0.274705951780506
"LTK","ENSG00000062524",1.84679933186648
"MAPKBP1","ENSG00000137802",0.14502966718106
"EHD4","ENSG00000103966",0.317428780444256
"AC039056.2","ENSG00000278493",0.334834030556574
"AC018362.3","ENSG00000285942",-0.224311620777625
"LRRC57","ENSG00000180979",-0.088837107432847
"TMEM62","ENSG00000137842",-0.196079265830965
"CCNDBP1","ENSG00000166946",0.421673894043993
"STRC","ENSG00000242866",0.8600498897512
"AC011330.2","ENSG00000275601",0.352686867672846
"STRCP1","ENSG00000166763",1.03624492505507
"CATSPER2P1","ENSG00000205771",-0.452223286718577
"PDIA3","ENSG00000167004",-0.216787564446966
"SERINC4","ENSG00000184716",-0.291815784380168
"GOLM2","ENSG00000166734",-0.586724244322904
"SORD","ENSG00000140263",-0.00205589324041196
"DUOXA1","ENSG00000140254",1.93365250529252
"AC051619.5","ENSG00000259539",0.114109795136294
"SPATA5L1","ENSG00000171763",0.0102691530460435
"MIR147B","ENSG00000284386",0.781514665483815
"HMGN2P46","ENSG00000179362",0.606886419395194
"MYEF2","ENSG00000104177",2.34878662412579
"AC025040.2","ENSG00000259388",-0.434887629319988
"EEF1B2P1","ENSG00000231169",-0.148335203543956
"FAM214A","ENSG00000047346",0.209645375038872
"WDR72","ENSG00000166415",1.99292256274133
"RSL24D1","ENSG00000137876",0.557539427110636
"AC010999.2","ENSG00000276524",-0.169591030937279
"RORA-AS1","ENSG00000245534",0.400199114111261
"TPM1-AS","ENSG00000259498",-1.25474485253635
"SMAD3","ENSG00000166949",0.437379278506178
"THSD4","ENSG00000187720",-1.7384513293794
"AC064799.1","ENSG00000212664",0.742308960862732
"AC100827.3","ENSG00000260534",0.558834953317513
"HCN4","ENSG00000138622",0.449924609027076
"UBL7-AS1","ENSG00000247240",-0.0606947401943227
"CLK3","ENSG00000179335",0.128828033298562
"FAM219B","ENSG00000178761",-0.0737534250876885
"AC105036.3","ENSG00000260269",-0.354850597786511
"SNUPN","ENSG00000169371",-0.416852169118667
"AC105020.1","ENSG00000203392",0.44936279190182
"SCAPER","ENSG00000140386",-0.0195644731368952
"KRT8P23","ENSG00000259565",-1.03310354516976
"CRABP1","ENSG00000166426",0.486903122089692
"CHRNB4","ENSG00000117971",1.39530884322559
"MORF4L1","ENSG00000185787",-0.0975520199738977
"FAH","ENSG00000103876",-0.543505876013563
"CEMIP","ENSG00000103888",1.26636340970401
"MESD","ENSG00000117899",-0.385817414530016
"EFL1","ENSG00000140598",0.339217148896412
"HOMER2","ENSG00000103942",1.22195030419113
"GOLGA6L5P","ENSG00000230373",0.129005287757021
"AC048382.2","ENSG00000259244",0.0700963272159359
"UBE2Q2P1","ENSG00000189136",0.081766892709582
"LINC00933","ENSG00000259728",0.279476997759143
"EGLN1P1","ENSG00000254779",-0.676825467133377
"RGMA","ENSG00000182175",0.328244506057391
"NR2F2-AS1","ENSG00000247809",-3.25058256218697
"IGF1R","ENSG00000140443",1.7033690909495
"TTC23","ENSG00000103852",-0.215737315553943
"LRRC28","ENSG00000168904",-0.00794883081046822
"ASB7","ENSG00000183475",-0.179475685035018
"SNRPA1","ENSG00000131876",0.150484727325689
"AXIN1","ENSG00000103126",0.317285384860565
"Z92544.1","ENSG00000261659",-1.25821305473569
"CEROX1","ENSG00000260807",1.37575875114386
"Z97633.1","ENSG00000280327",-0.842107686332056
"MSRB1","ENSG00000198736",-0.938838228010676
"SNHG19","ENSG00000260260",0.111732626938141
"ABCA17P","ENSG00000238098",0.511375430298162
"ELOB","ENSG00000103363",-0.457007894243345
"PRSS30P","ENSG00000172460",1.39997248637584
"TRAP1","ENSG00000126602",-0.0413247259129443
"PAM16","ENSG00000217930",-0.0813621198346594
"TMEM186","ENSG00000184857",-0.372027107686742
"AC022167.1","ENSG00000259939",-0.147235958239674
"AC092324.2","ENSG00000241932",0.416622359445642
"AC140504.1","ENSG00000261130",-0.87506475787677
"BMERB1","ENSG00000166780",-0.722570919588139
"AF001548.2","ENSG00000263335",1.24326993388128
"XYLT1","ENSG00000103489",0.365662413163238
"ACSM3","ENSG00000005187",0.282528318762945
"TMEM159","ENSG00000011638",-0.0640838773581284
"CRYM-AS1","ENSG00000189149",-0.29431023274191
"CDR2","ENSG00000140743",-0.311938451167225
"SCNN1G","ENSG00000166828",-0.835993908664081
"LCMT1","ENSG00000205629",-0.133388897530637
"EEF1A1P38","ENSG00000261557",0.342493326082096
"NSMCE1-DT","ENSG00000245888",-0.87606696775041
"NPIPB6","ENSG00000198156",0.630856720840405
"ATP2A1-AS1","ENSG00000260442",-0.775248705131914
"YPEL3","ENSG00000090238",-0.412653993802553
"SMG1P5","ENSG00000183604",-0.00275095258813824
"ZNF48","ENSG00000180035",0.124667840919766
"AC135050.2","ENSG00000255439",-0.828012690939781
"VKORC1","ENSG00000167397",-0.851510222851858
"PRSS8","ENSG00000052344",-0.590932102602539
"SIAH1","ENSG00000196470",0.0758344316894039
"NKD1","ENSG00000140807",1.3270262675787
"IRX3","ENSG00000177508",-1.09508975848341
"IRX5","ENSG00000176842",-1.53880004761642
"CPNE2","ENSG00000140848",0.76306778624008
"ADGRG1","ENSG00000205336",0.250588943705472
"CSNK2A2","ENSG00000070770",0.0763001516235175
"AC044802.1","ENSG00000246777",1.02148652448988
"PDP2","ENSG00000172840",0.180287341751235
"CDH16","ENSG00000166589",-1.61384821408268
"RRAD","ENSG00000166592",-2.31712822704684
"B3GNT9","ENSG00000237172",-1.11662103619065
"LRRC29","ENSG00000125122",-1.45636388089677
"AC020978.5","ENSG00000262160",0.257230232720732
"TMED6","ENSG00000157315",0.527185377099656
"HYDIN","ENSG00000157423",-0.0616281086092503
"DHODH","ENSG00000102967",-0.7243269495254
"TMEM170A","ENSG00000166822",0.0314199510126315
"TMEM231P1","ENSG00000262583",-0.25718107443837
"CHST5","ENSG00000135702",0.775795917190557
"AC009070.1","ENSG00000286221",-0.442437033040433
"CMC2","ENSG00000103121",-0.433492744435403
"CMIP","ENSG00000153815",0.34425629296244
"AC092142.1","ENSG00000261235",1.93105194988186
"GSE1","ENSG00000131149",-0.158062993582061
"SPG7","ENSG00000197912",-0.400607354343908
"RPL13","ENSG00000167526",0.0723811285122365
"SPATA33","ENSG00000167523",-0.904358058485453
"DBNDD1","ENSG00000003249",0.0374197797969427
"VPS53","ENSG00000141252",0.215157378690926
"GLOD4","ENSG00000167699",0.0229958418112845
"YWHAE","ENSG00000108953",0.207160021171328
"SLC43A2","ENSG00000167703",-0.635864482855471
"TLCD2","ENSG00000185561",0.293306053777331
"MIR22","ENSG00000283824",0.19881398970682
"PAFAH1B1","ENSG00000007168",0.0861263057011291
"RN7SL608P","ENSG00000239884",0.0797220928246167
"ZZEF1","ENSG00000074755",-0.182621839241818
"UBE2G1","ENSG00000132388",0.0203984747481636
"ZMYND15","ENSG00000141497",0.705067225888017
"RPAIN","ENSG00000129197",0.43223896703746
"MIS12","ENSG00000167842",0.0800671645922933
"WSCD1","ENSG00000179314",1.19031420890779
"PIMREG","ENSG00000129195",-0.026842381739503
"AC003688.1","ENSG00000262302",0.000728863557915188
"YBX2","ENSG00000006047",1.4067266991376
"ATP1B2","ENSG00000129244",1.30593752355356
"GUCY2D","ENSG00000132518",0.548794693519091
"PER1","ENSG00000179094",-0.107149715173278
"LINC00324","ENSG00000178977",0.633954393465808
"AC135178.6","ENSG00000269947",1.40242044459214
"NDEL1","ENSG00000166579",0.108635707379849
"USP43","ENSG00000154914",0.809065237590003
"ADPRM","ENSG00000170222",-0.00733994442307338
"AC005224.3","ENSG00000266709",-0.499610378538129
"AC002553.2","ENSG00000275413",0.597584688895005
"ZNF624","ENSG00000197566",0.0402080735242971
"NT5M","ENSG00000205309",0.352461094815614
"RASD1","ENSG00000108551",-1.31161528672929
"TOM1L2","ENSG00000175662",0.357225662737022
"AC026271.3","ENSG00000265693",0.326619091357785
"WSB1","ENSG00000109046",-0.364930296772731
"AC005697.1","ENSG00000266202",0.036049299030204
"LYRM9","ENSG00000232859",0.180385383667523
"VTN","ENSG00000109072",-1.3946041643246
"SPAG5-AS1","ENSG00000227543",-0.347265590144453
"RAB34","ENSG00000109113",-1.23388271485331
"ERAL1","ENSG00000132591",-0.0895738674812864
"NUFIP2","ENSG00000108256",-0.0851477492703445
"AC104564.3","ENSG00000264290",-0.702784463291875
"SLC6A4","ENSG00000108576",0.231204870317482
"CPD","ENSG00000108582",-0.724533751651303
"GOSR1","ENSG00000108587",-0.234641590008514
"TBC1D29P","ENSG00000266733",-1.49090944494447
"AC005562.1","ENSG00000214719",0.0331769405128879
"LRRC37BP1","ENSG00000250462",0.0396671328922928
"ADAP2","ENSG00000184060",0.617861350986532
"AC138207.3","ENSG00000264148",0.216768374374556
"RAB11FIP4","ENSG00000131242",-0.00958515545753751
"MIR4724","ENSG00000284424",0.228258316415575
"LRRC37B","ENSG00000185158",0.207719238502339
"AC116407.4","ENSG00000280033",0.225117350878204
"C17orf75","ENSG00000108666",0.032187101465214
"MYO1D","ENSG00000176658",0.46028903108639
"TMEM98","ENSG00000006042",0.550743411871911
"SLFN11","ENSG00000172716",1.90152868186343
"SLFN13","ENSG00000154760",0.695965962341024
"AC243830.2","ENSG00000275720",0.704250571191226
"DDX52","ENSG00000278053",-0.300404934333026
"MIR378J","ENSG00000274620",-0.338450812460967
"MRPL45","ENSG00000278845",-0.213369267243903
"GPR179","ENSG00000277399",0.0767520241692666
"FBXO47","ENSG00000204952",-0.0939944650197817
"FBXL20","ENSG00000108306",0.0466734444218507
"AC087491.1","ENSG00000214546",0.99138007209667
"STARD3","ENSG00000131748",-0.576390312585342
"PNMT","ENSG00000141744",-2.77461991536787
"PGAP3","ENSG00000161395",-0.696409343233802
"GSDMA","ENSG00000167914",1.12770004368764
"NR1D1","ENSG00000126368",-0.372834120969194
"AC068669.1","ENSG00000279199",0.181035747557331
"MSL1","ENSG00000188895",-0.0520061911371376
"RARA-AS1","ENSG00000265666",-0.6473833725125
"RPL23AP75","ENSG00000240125",0.229395977316769
"NT5C3B","ENSG00000141698",0.307565394017688
"KLHL11","ENSG00000178502",0.135033053079648
"ACLY","ENSG00000131473",-0.248567722911126
"STAT5B","ENSG00000173757",0.112434300722411
"AC099811.5","ENSG00000278829",-0.327532266859132
"STAT3","ENSG00000168610",-0.44806868625004
"ATP6V0A1","ENSG00000033627",-0.795292857183059
"MIR5010","ENSG00000283929",-1.00633435427206
"NAGLU","ENSG00000108784",-0.714476057543228
"AC067852.1","ENSG00000266929",-0.923040272193909
"RAMP2-AS1","ENSG00000197291",1.49529594125799
"RAMP2","ENSG00000131477",1.44587033423711
"WNK4","ENSG00000126562",0.747818429332154
"COA3","ENSG00000183978",-0.646596961985712
"CNTD1","ENSG00000176563",-0.618819778088517
"AOC3","ENSG00000131471",0.832417820208416
"RND2","ENSG00000108830",0.170004192876631
"PYY","ENSG00000131096",0.237031698911945
"G6PC3","ENSG00000141349",-0.825326760133653
"TMUB2","ENSG00000168591",-0.975780004069677
"ITGA2B","ENSG00000005961",-0.0852345679261907
"CCDC103","ENSG00000167131",-1.93128046658513
"FAM187A","ENSG00000214447",-1.9282849328234
"LINC02210","ENSG00000204650",-0.0893875956215952
"NSFP1","ENSG00000260075",-0.727717312870481
"NSF","ENSG00000073969",-1.07375860922467
"GOSR2","ENSG00000108433",-0.867553451487748
"SP2-AS1","ENSG00000234494",-1.22463550305074
"SKAP1","ENSG00000141293",2.95094264353177
"HOXB2","ENSG00000173917",1.68041389372364
"HOXB-AS1","ENSG00000230148",2.20643126703557
"HOXB3","ENSG00000120093",2.41646342825131
"HOXB-AS3","ENSG00000233101",3.03756423708013
"HOXB4","ENSG00000182742",2.64020162397575
"AC103702.1","ENSG00000257178",1.50666682579673
"HOXB5","ENSG00000120075",2.31392589376514
"HOXB6","ENSG00000108511",2.50285073371844
"HOXB7","ENSG00000260027",2.65657752509607
"HOXB8","ENSG00000120068",2.09606349398524
"HOXB9","ENSG00000170689",2.37123657350892
"SNF8","ENSG00000159210",-0.44924522077983
"PHB","ENSG00000167085",-0.540175140555093
"EIF4EP2","ENSG00000229944",-0.510963224191852
"FAM117A","ENSG00000121104",0.229574403015721
"ABCC3","ENSG00000108846",-0.914204109161459
"MBTD1","ENSG00000011258",-0.109649560460761
"ANKFN1","ENSG00000153930",0.0485265843397606
"AC091181.2","ENSG00000286732",-2.15885845462543
"MSI2","ENSG00000153944",-0.79009107225912
"AC015813.5","ENSG00000279069",-1.64472916568215
"AC005962.1","ENSG00000278627",-0.19577197664334
"SUPT4H1","ENSG00000213246",-0.2650027825396
"AC004687.2","ENSG00000285897",-0.267161426050276
"SEPTIN4","ENSG00000108387",0.171611330196074
"SKA2","ENSG00000182628",-0.620405237891262
"CLTC","ENSG00000141367",-0.773312622116159
"MRC2","ENSG00000011028",1.69723634415606
"PSMC5","ENSG00000087191",-0.374598528687311
"ICAM2","ENSG00000108622",-0.0945922372491521
"ABCA9","ENSG00000154258",-1.05792720175696
"ABCA6","ENSG00000154262",-1.5383068816921
"AC097641.1","ENSG00000264860",-1.01780095398093
"SSTR2","ENSG00000180616",0.836838971851885
"TMEM104","ENSG00000109066",-0.811436612090379
"TMEM94","ENSG00000177728",-0.498024218143456
"UNK","ENSG00000132478",-0.183175173233162
"AC061992.2","ENSG00000266970",0.641078444118463
"AC022966.2","ENSG00000287539",0.0700486432736995
"TIMP2","ENSG00000035862",-2.30192054253302
"CEP295NL","ENSG00000178404",-2.36663998287622
"C1QTNF1-AS1","ENSG00000265096",-1.63124974834036
"CCDC40","ENSG00000141519",-1.19462935111677
"RPTOR","ENSG00000141564",-0.690725230028752
"BAIAP2-DT","ENSG00000226137",-1.02356349798241
"AC139530.2","ENSG00000262660",-0.808565946276333
"P4HB","ENSG00000185624",-0.673199280216885
"CCDC57","ENSG00000176155",-0.770992610189378
"SLC16A3","ENSG00000141526",-1.47709687207707
"AC132872.3","ENSG00000275888",-2.55059079073697
"AC132872.4","ENSG00000280407",-2.27306823244986
"TYMSOS","ENSG00000176912",-0.912893325200302
"ENOSF1","ENSG00000132199",-1.40118326814182
"AP000894.4","ENSG00000273355",-1.49996135124747
"PTPRM","ENSG00000173482",-0.934689476144507
"AP001094.2","ENSG00000265413",-1.31940498661804
"AFG3L2","ENSG00000141385",-0.781282922255002
"FAM210A","ENSG00000177150",-0.746189355327393
"RBBP8","ENSG00000101773",-0.33311554613699
"KCTD1","ENSG00000134504",-0.611412769667549
"AC007996.1","ENSG00000277534",-1.04412349514576
"RNF125","ENSG00000101695",0.938082977594061
"RNF138","ENSG00000134758",0.430089918952193
"ZNF24","ENSG00000172466",0.0560488934105844
"AC007998.4","ENSG00000275512",0.443141637487175
"ELP2","ENSG00000134759",0.0846925843661826
"PSTPIP2","ENSG00000152229",1.7883464201855
"RPL17-C18orf32","ENSG00000215472",0.544100724018804
"RPL17","ENSG00000265681",0.58942912309451
"SNORD58C","ENSG00000202093",0.19968755254548
"SNORD58B","ENSG00000271982",0.863737116298657
"LIPG","ENSG00000101670",0.868031301968765
"ME2","ENSG00000082212",0.152306795478621
"ELAC1","ENSG00000141642",1.69120164851076
"AC091551.1","ENSG00000267699",1.66187129295551
"SMAD4","ENSG00000141646",2.3186210762323
"MEX3C","ENSG00000176624",2.25614843241198
"ATP8B1","ENSG00000081923",0.110328689771022
"AC090409.1","ENSG00000267279",-0.0943131760476404
"ACTBP9","ENSG00000266920",-0.673301929923356
"LINC01910","ENSG00000266278",-1.81894748442884
"TSHZ1","ENSG00000179981",-0.499075460577923
"AC018413.1","ENSG00000265778",-0.294776345681052
"ZCCHC3","ENSG00000247315",0.58440905313432
"SOX12","ENSG00000177732",0.254509506246606
"TRIB3","ENSG00000101255",1.5951592908021
"CSNK2A1","ENSG00000101266",0.221506355526793
"FAM110A","ENSG00000125898",0.268685204249118
"SDCBP2","ENSG00000125775",0.784484833122738
"STK35","ENSG00000125834",0.277019412474067
"TGM3","ENSG00000125780",1.89832079265361
"SNORD56","ENSG00000229686",0.363125832545826
"SNORD57","ENSG00000226572",0.114333801846429
"UBE2V1P1","ENSG00000226632",-0.900049132666438
"RNF24","ENSG00000101236",-0.581897647381411
"RPL21P2","ENSG00000215063",0.320504926228763
"RASSF2","ENSG00000101265",2.47554020412945
"BFSP1","ENSG00000125864",1.34355946737971
"FOXA2","ENSG00000125798",2.34729153452189
"CST1","ENSG00000170373",0.67386442681512
"ZNF337","ENSG00000130684",0.016398401628294
"FAM182A","ENSG00000125804",0.502408301979346
"MIR1825","ENSG00000284125",-0.477495209894952
"EIF2S2","ENSG00000125977",0.0513780798172676
"MMP24","ENSG00000125966",-0.127866121976753
"MYL9","ENSG00000101335",0.545142460800244
"RPN2","ENSG00000118705",-0.64767708922605
"VSTM2L","ENSG00000132821",-2.86336385421867
"TGM2","ENSG00000198959",-2.95807037132514
"KIAA1755","ENSG00000149633",-1.79299129382993
"ARHGAP40","ENSG00000124143",-1.08423556810799
"ZHX3","ENSG00000174306",-1.08982146395188
"SGK2","ENSG00000101049",0.48964187731698
"RIMS4","ENSG00000101098",1.38008849447372
"AL021578.1","ENSG00000275894",-1.01481571602361
"SNX21","ENSG00000124104",-0.967099220423321
"CTSA","ENSG00000064601",-1.19521807790714
"PLTP","ENSG00000100979",2.33758056999989
"SLC13A3","ENSG00000158296",1.06631921266742
"ZFAS1","ENSG00000177410",0.216487244928191
"AL049766.1","ENSG00000274760",0.316527709330737
"AL049766.3","ENSG00000277967",0.341160210182738
"KCNB1","ENSG00000158445",-1.44870155857969
"PELATON","ENSG00000224397",-0.525771129868277
"AL133230.1","ENSG00000232043",-0.414852337341996
"RPL36P2","ENSG00000231302",0.0938991537341291
"TSHZ2","ENSG00000182463",-2.57900076007986
"FAM210B","ENSG00000124098",-0.593377504099154
"ATP5F1E","ENSG00000124172",-0.600091127088902
"OSBPL2","ENSG00000130703",0.0940156847538045
"LAMA5","ENSG00000130702",-0.148773542244574
"MIR4758","ENSG00000284074",-0.790124083783451
"AL357033.4","ENSG00000277496",-0.962484072804799
"SLC2A4RG","ENSG00000125520",-0.331794888101401
"AL118506.1","ENSG00000268858",-1.09073537192872
"MIR1914","ENSG00000284433",-0.654304864001684
"CNN2","ENSG00000064666",-0.0327437539765074
"ABCA7","ENSG00000064687",-1.38844333623389
"GADD45B","ENSG00000099860",-1.03267503176121
"ZNF555","ENSG00000186300",0.00738887427647852
"AC006130.3","ENSG00000287766",0.39975994080816
"TLE6","ENSG00000104953",-1.84996511850945
"CELF5","ENSG00000161082",1.03922234700373
"STAP2","ENSG00000178078",0.376030748846235
"DENND1C","ENSG00000205744",0.516941352188764
"C3","ENSG00000125730",-3.7203063850285
"TEX45","ENSG00000198723",0.300468494168452
"LRRC8E","ENSG00000171017",-0.297298118227309
"AC010336.1","ENSG00000214248",-1.23556484799635
"AC010336.7","ENSG00000286138",-0.121813468266796
"ADAMTS10","ENSG00000142303",1.27418383314891
"AC008752.4","ENSG00000267370",-0.247021616499335
"OLFM2","ENSG00000105088",1.17491785713358
"KANK2","ENSG00000197256",-0.549816033989206
"DOCK6","ENSG00000130158",0.236162089329038
"TMEM205","ENSG00000105518",-0.695433358771809
"ZNF627","ENSG00000198551",0.0719607918887923
"ZNF833P","ENSG00000267343",0.551520007068868
"ZNF20","ENSG00000132010",-0.433397329069047
"AC008758.6","ENSG00000269755",0.0102980543569845
"ZNF709","ENSG00000242852",-0.359081948287447
"AC008758.1","ENSG00000196826",-0.397255435602882
"MAN2B1","ENSG00000104774",-0.18848466256123
"AC010422.7","ENSG00000285583",0.752849204541703
"BEST2","ENSG00000039987",-2.52762363594204
"MAST1","ENSG00000105613",0.120560677190596
"CALR","ENSG00000179218",-0.441942712781317
"CACNA1A","ENSG00000141837",0.355991342391866
"PRKACA","ENSG00000072062",-0.494999219609572
"AC010463.3","ENSG00000269815",-0.238512228951475
"ANO8","ENSG00000074855",-0.865089003485826
"PGPEP1","ENSG00000130517",-0.00960258949818451
"GDF15","ENSG00000130513",0.268547879063479
"ISYNA1","ENSG00000105655",0.74309600695673
"GDF1","ENSG00000130283",0.937668247489879
"CERS1","ENSG00000223802",1.11974230035416
"LINC00663","ENSG00000266904",0.307162433238849
"ZNF826P","ENSG00000231205",4.23869490823347
"ZNF430","ENSG00000118620",0.34671586175276
"AC092329.3","ENSG00000283201",1.46154999424665
"AC092329.1","ENSG00000269107",0.968278035385614
"AC092279.1","ENSG00000268362",1.0109725201906
"ZNF254","ENSG00000213096",2.02539362428264
"AC092279.2","ENSG00000279425",0.243722042222276
"CEBPA","ENSG00000245848",2.1037851906451
"AC008556.1","ENSG00000277013",2.45638711509428
"WTIP","ENSG00000142279",0.499019313810813
"EEF1A1P7","ENSG00000268222",0.648938551972903
"ETV2","ENSG00000105672",-0.124583353436054
"KIRREL2","ENSG00000126259",1.34980845490427
"LRFN3","ENSG00000126243",-0.560300241681434
"THAP8","ENSG00000161277",-0.872244031769668
"KCNK6","ENSG00000099337",0.0978711064698699
"AC022144.1","ENSG00000267892",0.0102019386954548
"ERVK9-11","ENSG00000269486",1.72639978361087
"AC005393.1","ENSG00000276445",0.921737829986065
"CNFN","ENSG00000105427",-0.863080859070345
"LYPD5","ENSG00000159871",0.120275688163057
"ZNF221","ENSG00000159905",-0.553324218526549
"AC006213.4","ENSG00000277806",0.0337574358939247
"AC006213.1","ENSG00000266921",-0.402148490132488
"CLPTM1","ENSG00000104853",-0.545428942795381
"PPP1R13L","ENSG00000104881",0.307506845439812
"PPM1N","ENSG00000213889",-0.966536644385143
"IGFL2","ENSG00000204866",-0.418660996722555
"IGFL2-AS1","ENSG00000268621",-1.48580329544632
"AC006262.1","ENSG00000268460",-1.09684190238459
"PNMA8A","ENSG00000182013",-0.527491868690432
"PRKD2","ENSG00000105287",0.142905816632924
"AP2S1","ENSG00000042753",-0.067154321724479
"BBC3","ENSG00000105327",0.938593368136362
"EMP3","ENSG00000142227",-0.0827451889903514
"FAM83E","ENSG00000105523",0.37553785631784
"AC022154.1","ENSG00000268093",-0.535345261745396
"NTF4","ENSG00000225950",0.596603212022461
"SLC6A16","ENSG00000063127",2.89939537752666
"AC011450.1","ENSG00000197813",2.55998488660231
"TEAD2","ENSG00000074219",2.57401763304284
"DKKL1","ENSG00000104901",0.422049051854638
"KASH5","ENSG00000161609",0.0541058019827736
"FLT3LG","ENSG00000090554",0.49747684230621
"AC010624.1","ENSG00000204666",0.871984827161113
"MYH14","ENSG00000105357",0.643370875897391
"JOSD2","ENSG00000161677",-0.683891318507248
"KLK1","ENSG00000167748",1.80717156647764
"ZNF175","ENSG00000105497",2.57012583810513
"ZNF836","ENSG00000196267",-0.346457193868806
"ZNF468","ENSG00000204604",1.0527693588281
"ZNF888","ENSG00000213793",1.28344857646908
"ZNF816","ENSG00000180257",1.36632738874561
"ZNF415","ENSG00000170954",0.505701428743573
"AC022137.3","ENSG00000286261",0.190184717444087
"PRKCG","ENSG00000126583",0.0578219821111944
"OSCAR","ENSG00000170909",1.15509264450219
"MBOAT7","ENSG00000125505",-0.676317074787532
"CDC42EP5","ENSG00000167617",1.00229489361395
"BRSK1","ENSG00000160469",0.00876794290316761
"AURKC","ENSG00000105146",0.787257569967513
"AC020915.2","ENSG00000268516",-1.58858440087525
"AC016629.3","ENSG00000286104",-0.184468063717028
"SLC25A18","ENSG00000182902",-2.6290526478581
"AC016027.1","ENSG00000225335",-0.364241727553442
"DGCR11","ENSG00000273311",-1.49486960285733
"LINC00896","ENSG00000236499",-0.473992599617045
"ZNF74","ENSG00000185252",0.351679491157091
"YPEL1","ENSG00000100027",1.59551313299924
"MMP11","ENSG00000099953",0.786371710617656
"SLC2A11","ENSG00000133460",-1.17824792352008
"DDTL","ENSG00000099974",1.02677350997831
"AC253536.6","ENSG00000272787",0.878366177025347
"GSTT2","ENSG00000099984",0.151669447397887
"Z99916.1","ENSG00000236641",0.419443162414386
"EIF4HP2","ENSG00000237977",-0.854181020234617
"PIK3IP1-DT","ENSG00000228839",0.399025597577948
"PATZ1","ENSG00000100105",0.0800612645648061
"SLC5A1","ENSG00000100170",2.10625223032695
"FOXRED2","ENSG00000100350",-0.794923697821562
"MPST","ENSG00000128309",0.290141270288025
"EIF3L","ENSG00000100129",0.132088867756167
"AL022311.1","ENSG00000279738",0.173060568660425
"AL031587.5","ENSG00000278948",1.02794425031804
"GTPBP1","ENSG00000100226",0.128338929058721
"SUN2","ENSG00000100242",-0.0340300272162953
"AL021707.3","ENSG00000230149",-0.0671792070741274
"AL021707.6","ENSG00000272669",0.573017017920622
"RPL3","ENSG00000100316",0.366864539558725
"ATF4","ENSG00000128272",0.273570223711397
"PMM1","ENSG00000100417",-0.380296683235593
"C22orf46","ENSG00000184208",-0.831099804548586
"SEPTIN3","ENSG00000100167",0.607332463293149
"RPL5P34","ENSG00000234009",0.0833249337694924
"BX537318.1","ENSG00000273145",-0.139841792417958
"PRR34-AS1","ENSG00000241990",-1.45694587672497
"PPARA","ENSG00000186951",-0.111560950373522
"CERK","ENSG00000100422",-0.768977033616676
"ALG12","ENSG00000182858",-0.708698165433217
"PANX2","ENSG00000073150",0.946356718911354
"ADM2","ENSG00000128165",1.0118144670352
"MAPK8IP2","ENSG00000008735",-0.57627747138723
"SAMSN1","ENSG00000155307",-2.36539370381712
"TIAM1","ENSG00000156299",2.59482468002734
"FBXW11P1","ENSG00000230870",-0.407851004502311
"AP000254.1","ENSG00000238390",-0.428805005026245
"SYNJ1","ENSG00000159082",-0.571637945886059
"LINC00649","ENSG00000237945",1.93125548820231
"MRPS6","ENSG00000243927",0.563068957948382
"AP000317.2","ENSG00000272657",0.574746225004337
"AP000320.1","ENSG00000225555",0.551858089125145
"AP000331.1","ENSG00000286153",-1.12028619467947
"KCNJ6","ENSG00000157542",0.629420676026303
"AP001628.1","ENSG00000225218",0.434458101329229
"PKNOX1","ENSG00000160199",0.103486356969346
"AP001062.1","ENSG00000184441",0.760626725082967
"PICSAR","ENSG00000275874",-3.5273393954693
"SSR4P1","ENSG00000235374",-0.33187406781991
"DIP2A","ENSG00000160305",0.278438010516168
"AC011043.1","ENSG00000276256",0.830345866468601
