ENG_ID;weight
ENSG00000224051;-0.508884126
ENSG00000272455;-0.509591703
ENSG00000228037;-0.503520517
ENSG00000285629;-0.521555349
ENSG00000226944;-0.492890361
ENSG00000232848;-0.497669843
ENSG00000142583;-0.501988905
ENSG00000049239;-0.524157659
ENSG00000162444;-0.523084856
ENSG00000130940;-0.507340654
ENSG00000116663;-0.505999767
ENSG00000285646;-0.52001084
ENSG00000083444;-0.515228442
ENSG00000189337;-0.511380189
ENSG00000142634;-0.516353969
ENSG00000142632;-0.509369159
ENSG00000186715;-0.516731577
ENSG00000009709;-0.468260703
ENSG00000173436;-0.507893857
ENSG00000270136;-0.523429639
ENSG00000090432;-0.522511467
ENSG00000158825;-0.524162075
ENSG00000227001;-0.503187711
ENSG00000142676;-0.526819384
ENSG00000057757;-0.512964849
ENSG00000142677;-0.519269748
ENSG00000158055;-0.511134637
ENSG00000117602;-0.519138383
ENSG00000184454;-0.51938006
ENSG00000020633;-0.518208878
ENSG00000142675;-0.511820203
ENSG00000158062;-0.510292584
ENSG00000176092;-0.529086075
ENSG00000158246;-0.499617067
ENSG00000090020;-0.518317141
ENSG00000126705;-0.520188488
ENSG00000169403;-0.508817236
ENSG00000130766;-0.511147825
ENSG00000188060;-0.509858408
ENSG00000159023;-0.523676401
ENSG00000116350;-0.516737635
ENSG00000084628;-0.517002175
ENSG00000284543;-0.501819939
ENSG00000142910;-0.512459596
ENSG00000160051;-0.509664697
ENSG00000134684;-0.520845288
ENSG00000121900;-0.515832821
ENSG00000116514;-0.52315082
ENSG00000134698;-0.509181301
ENSG00000116990;-0.511874125
ENSG00000187815;-0.513021553
ENSG00000117016;-0.50059299
ENSG00000117013;-0.506148666
ENSG00000171960;-0.50462801
ENSG00000234917;-0.499515515
ENSG00000274386;-0.518976839
ENSG00000066322;-0.513955793
ENSG00000117408;-0.517585387
ENSG00000159592;-0.515585796
ENSG00000186564;-0.513535418
ENSG00000269113;-0.513250075
ENSG00000123080;-0.520948446
ENSG00000154222;-0.514636422
ENSG00000162377;-0.511942402
ENSG00000226754;-0.51151783
ENSG00000184313;-0.511904413
ENSG00000225475;-0.473808465
ENSG00000184292;-0.532494665
ENSG00000185483;-0.505795332
ENSG00000158966;-0.530381628
ENSG00000162437;-0.508766286
ENSG00000271992;-0.483541916
ENSG00000116783;-0.50068175
ENSG00000226084;-0.485233347
ENSG00000237413;-0.518779838
ENSG00000122420;-0.529584194
ENSG00000174021;-0.516862781
ENSG00000285851;-0.512838225
ENSG00000122432;-0.510131466
ENSG00000162642;-0.514802976
ENSG00000142867;-0.515166989
ENSG00000282057;-0.499578432
ENSG00000236915;-0.509643259
ENSG00000097033;-0.52245528
ENSG00000233593;-0.498931599
ENSG00000122406;-0.525569351
ENSG00000143033;-0.511946519
ENSG00000117505;-0.513785593
ENSG00000137942;-0.51345648
ENSG00000228502;-0.502214644
ENSG00000227034;-0.541128076
ENSG00000156869;-0.509327515
ENSG00000224550;-0.528605171
ENSG00000143107;-0.520462534
ENSG00000244716;-0.493686295
ENSG00000273382;-0.513999732
ENSG00000215717;-0.508935863
ENSG00000031698;-0.520227068
ENSG00000143106;-0.520783722
ENSG00000162650;-0.501768569
ENSG00000213366;-0.51012813
ENSG00000258634;-0.500684088
ENSG00000116396;-0.517573645
ENSG00000227963;-0.491815384
ENSG00000121931;-0.514051033
ENSG00000134245;-0.516573455
ENSG00000155366;-0.525441851
ENSG00000271810;-0.524982209
ENSG00000155367;-0.509876625
ENSG00000215866;-0.525906
ENSG00000224167;-0.500670735
ENSG00000198799;-0.512340084
ENSG00000081019;-0.514116114
ENSG00000134242;-0.508767104
ENSG00000134262;-0.504723133
ENSG00000173218;-0.510651529
ENSG00000163393;-0.504930436
ENSG00000183508;-0.531924101
ENSG00000265808;-0.516205345
ENSG00000271567;-0.493050248
ENSG00000270722;-0.511106355
ENSG00000278549;-0.509843997
ENSG00000287190;-0.509396403
ENSG00000201558;-0.510475117
ENSG00000271425;-0.513445746
ENSG00000264343;-0.512394825
ENSG00000229828;-0.514306827
ENSG00000272824;-0.505305092
ENSG00000231551;-0.508988232
ENSG00000286019;-0.510017282
ENSG00000178104;-0.518516232
ENSG00000215861;-0.514947022
ENSG00000023902;-0.513589009
ENSG00000118292;-0.511817895
ENSG00000143382;-0.514136712
ENSG00000143420;-0.516036464
ENSG00000163141;-0.499415702
ENSG00000143393;-0.518282887
ENSG00000143450;-0.507943592
ENSG00000268288;-0.489565689
ENSG00000203288;-0.503483086
ENSG00000271380;-0.533872885
ENSG00000163357;-0.495944716
ENSG00000169231;-0.51706655
ENSG00000160753;-0.515683157
ENSG00000163382;-0.507612986
ENSG00000158716;-0.518948762
ENSG00000279430;-0.45960611
ENSG00000162735;-0.510455667
ENSG00000162738;-0.498795245
ENSG00000179914;-0.508517486
ENSG00000158769;-0.520737539
ENSG00000186517;-0.520594963
ENSG00000143252;-0.510289739
ENSG00000283696;-0.503175616
ENSG00000162745;-0.517352002
ENSG00000117152;-0.498452298
ENSG00000185630;-0.518243698
ENSG00000269887;-0.494782056
ENSG00000198821;-0.506217118
ENSG00000143158;-0.508898663
ENSG00000120334;-0.515594901
ENSG00000234741;-0.514531526
ENSG00000270084;-0.508360766
ENSG00000235750;-0.514267094
ENSG00000236021;-0.509485985
ENSG00000240021;-0.511299456
ENSG00000213057;-0.50133787
ENSG00000116199;-0.518058671
ENSG00000162782;-0.498668867
ENSG00000143333;-0.507793618
ENSG00000058085;-0.5300572
ENSG00000287929;-0.512310298
ENSG00000232860;-0.515327248
ENSG00000198860;-0.51140981
ENSG00000135842;-0.523444174
ENSG00000116741;-0.51656124
ENSG00000118194;-0.506321154
ENSG00000231871;-0.48916967
ENSG00000058673;-0.518917769
ENSG00000257315;-0.518922595
ENSG00000213041;-0.515945717
ENSG00000158711;-0.518767642
ENSG00000174502;-0.515149638
ENSG00000276600;-0.535530071
ENSG00000285417;-0.515212511
ENSG00000196550;-0.499569722
ENSG00000162896;-0.545022115
ENSG00000180667;-0.518581569
ENSG00000123843;-0.503984439
ENSG00000123838;-0.511411394
ENSG00000162757;-0.513590425
ENSG00000117595;-0.52502689
ENSG00000082497;-0.514696664
ENSG00000082512;-0.5196317
ENSG00000143494;-0.505115124
ENSG00000228063;-0.505480158
ENSG00000162817;-0.510941435
ENSG00000238042;-0.506576204
ENSG00000143498;-0.516551451
ENSG00000188460;-0.511688675
ENSG00000162923;-0.519390092
ENSG00000143819;-0.510894324
ENSG00000163050;-0.516504273
ENSG00000234975;-0.524569343
ENSG00000135801;-0.513666258
ENSG00000143641;-0.525439243
ENSG00000182118;-0.510079597
ENSG00000287856;-0.516557945
ENSG00000143674;-0.512523502
ENSG00000143669;-0.510765228
ENSG00000228818;-0.510188527
ENSG00000203667;-0.511079126
ENSG00000227671;-0.512573822
ENSG00000283881;-0.522754843
ENSG00000232347;-0.523652427
ENSG00000184731;-0.511398702
ENSG00000151353;-0.514118309
ENSG00000182551;-0.511881357
ENSG00000234171;-0.502320377
ENSG00000171863;-0.522237864
ENSG00000236008;-0.506822516
ENSG00000119203;-0.51824417
ENSG00000134317;-0.509973472
ENSG00000171848;-0.512605385
ENSG00000115756;-0.519462484
ENSG00000272275;-0.538771352
ENSG00000071575;-0.521549971
ENSG00000197872;-0.510094565
ENSG00000163032;-0.507646509
ENSG00000163029;-0.511417788
ENSG00000170745;-0.512937574
ENSG00000143878;-0.51840988
ENSG00000231948;-0.530409075
ENSG00000119772;-0.510279359
ENSG00000235072;-0.524199214
ENSG00000173557;-0.5088886
ENSG00000084764;-0.513299405
ENSG00000272148;-0.52708684
ENSG00000213453;-0.527534171
ENSG00000171174;-0.504298264
ENSG00000214711;-0.503390067
ENSG00000162959;-0.50829471
ENSG00000229816;-0.506167285
ENSG00000188010;-0.50530935
ENSG00000115904;-0.509393995
ENSG00000229692;-0.509595025
ENSG00000138050;-0.514840561
ENSG00000115944;-0.52098365
ENSG00000057935;-0.513558691
ENSG00000287387;-0.506560924
ENSG00000152518;-0.523903965
ENSG00000138095;-0.513407133
ENSG00000231054;-0.536928196
ENSG00000286519;-0.53184744
ENSG00000279254;-0.510164897
ENSG00000234690;-0.510465136
ENSG00000143942;-0.516380585
ENSG00000068912;-0.517750311
ENSG00000143947;-0.519744484
ENSG00000285755;-0.517542705
ENSG00000119866;-0.501912568
ENSG00000271707;-0.485697627
ENSG00000014641;-0.514176877
ENSG00000169764;-0.510798391
ENSG00000138069;-0.521609732
ENSG00000143995;-0.510017196
ENSG00000204923;-0.502525794
ENSG00000059728;-0.523260145
ENSG00000075340;-0.503414907
ENSG00000135617;-0.509562092
ENSG00000163016;-0.512325405
ENSG00000065911;-0.512203414
ENSG00000272711;-0.523966536
ENSG00000159399;-0.533005995
ENSG00000176407;-0.525652819
ENSG00000152291;-0.523309284
ENSG00000152292;-0.501216573
ENSG00000115486;-0.51449567
ENSG00000115525;-0.512671314
ENSG00000232504;-0.520640112
ENSG00000153561;-0.509009827
ENSG00000285793;-0.514344649
ENSG00000231259;-0.533575095
ENSG00000172071;-0.509973076
ENSG00000144026;-0.510026244
ENSG00000274286;-0.500980737
ENSG00000135956;-0.523896542
ENSG00000114988;-0.509039266
ENSG00000135945;-0.508968837
ENSG00000230140;-0.536048446
ENSG00000071082;-0.520061688
ENSG00000204634;-0.523794719
ENSG00000115590;-0.533142901
ENSG00000135972;-0.516995298
ENSG00000071051;-0.522080458
ENSG00000115652;-0.514420488
ENSG00000198203;-0.499246888
ENSG00000172985;-0.500965308
ENSG00000153208;-0.507745549
ENSG00000228857;-0.509718069
ENSG00000144120;-0.501665825
ENSG00000136717;-0.525105339
ENSG00000226789;-0.512463145
ENSG00000152076;-0.515756465
ENSG00000196834;-0.522323192
ENSG00000222038;-0.502020257
ENSG00000233221;-0.49853611
ENSG00000163040;-0.521163377
ENSG00000286833;-0.513217822
ENSG00000121988;-0.506168546
ENSG00000115866;-0.519688398
ENSG00000150556;-0.511951411
ENSG00000187123;-0.517123121
ENSG00000230562;-0.505898573
ENSG00000144283;-0.520977589
ENSG00000235724;-0.513884213
ENSG00000115339;-0.511305551
ENSG00000251569;-0.535262919
ENSG00000163093;-0.51404458
ENSG00000172878;-0.507743619
ENSG00000271151;-0.505803092
ENSG00000224577;-0.519348609
ENSG00000279598;-0.510796618
ENSG00000226564;-0.508187401
ENSG00000162998;-0.51545907
ENSG00000151687;-0.500809072
ENSG00000138386;-0.512043704
ENSG00000115419;-0.521103902
ENSG00000081320;-0.519310762
ENSG00000138356;-0.509744425
ENSG00000119013;-0.508951706
ENSG00000115993;-0.518194577
ENSG00000238317;-0.523822855
ENSG00000138439;-0.506206377
ENSG00000233579;-0.497166639
ENSG00000173166;-0.516791663
ENSG00000114942;-0.516254991
ENSG00000183671;-0.500928858
ENSG00000138400;-0.506343503
ENSG00000078018;-0.509020778
ENSG00000138363;-0.513360662
ENSG00000232485;-0.505013462
ENSG00000144567;-0.522333897
ENSG00000163521;-0.5070119
ENSG00000243910;-0.488465304
ENSG00000144591;-0.511887727
ENSG00000123989;-0.529011772
ENSG00000188760;-0.512444843
ENSG00000124006;-0.519557986
ENSG00000123999;-0.511394415
ENSG00000114923;-0.511235961
ENSG00000135919;-0.515912573
ENSG00000228446;-0.502197267
ENSG00000169047;-0.523542468
ENSG00000272622;-0.506072917
ENSG00000153823;-0.532700127
ENSG00000163053;-0.513993489
ENSG00000173692;-0.522112053
ENSG00000085982;-0.508704139
ENSG00000123485;-0.498904214
ENSG00000130147;-0.512029065
ENSG00000144476;-0.522299988
ENSG00000198612;-0.506110661
ENSG00000172428;-0.511546544
ENSG00000130294;-0.532480234
ENSG00000115685;-0.515227029
ENSG00000214021;-0.517656318
ENSG00000163701;-0.509691938
ENSG00000163704;-0.519878764
ENSG00000125037;-0.5142889
ENSG00000206567;-0.509866467
ENSG00000196639;-0.509118275
ENSG00000157150;-0.510040181
ENSG00000131379;-0.508749662
ENSG00000131386;-0.510028286
ENSG00000132967;-0.502389585
ENSG00000077097;-0.522476675
ENSG00000235670;-0.518706734
ENSG00000153551;-0.519414937
ENSG00000173705;-0.506977054
ENSG00000008226;-0.510736638
ENSG00000093217;-0.506933639
ENSG00000114739;-0.512022473
ENSG00000168356;-0.504185488
ENSG00000168038;-0.509538838
ENSG00000230084;-0.513431179
ENSG00000169964;-0.51074141
ENSG00000244380;-0.500072989
ENSG00000284575;-0.525954406
ENSG00000178035;-0.520422773
ENSG00000270441;-0.506665663
ENSG00000145022;-0.512534202
ENSG00000088543;-0.496293951
ENSG00000114738;-0.513244714
ENSG00000164081;-0.518246586
ENSG00000248487;-0.535882566
ENSG00000168273;-0.518839616
ENSG00000144724;-0.516235295
ENSG00000114405;-0.52976063
ENSG00000144741;-0.510572094
ENSG00000241316;-0.50100742
ENSG00000178750;-0.52887697
ENSG00000273374;-0.498731845
ENSG00000175841;-0.500513623
ENSG00000114391;-0.516842442
ENSG00000170044;-0.510766815
ENSG00000243701;-0.505455719
ENSG00000196776;-0.522410004
ENSG00000240891;-0.512137483
ENSG00000176040;-0.519392459
ENSG00000114529;-0.507559215
ENSG00000261488;-0.507318317
ENSG00000176542;-0.514407833
ENSG00000114573;-0.518647449
ENSG00000151576;-0.511450332
ENSG00000144847;-0.513140883
ENSG00000144837;-0.514146089
ENSG00000242622;-0.489393779
ENSG00000065518;-0.517248167
ENSG00000153767;-0.52169656
ENSG00000173226;-0.504701669
ENSG00000145103;-0.522357645
ENSG00000036828;-0.511388484
ENSG00000272758;-0.506593739
ENSG00000163840;-0.523472702
ENSG00000243918;-0.493908161
ENSG00000169087;-0.504515885
ENSG00000273033;-0.497081194
ENSG00000288022;-0.520477942
ENSG00000197763;-0.52454733
ENSG00000163902;-0.528496651
ENSG00000242992;-0.506022662
ENSG00000181789;-0.518709099
ENSG00000271270;-0.510565623
ENSG00000251287;-0.516676241
ENSG00000249846;-0.499720365
ENSG00000228252;-0.506750627
ENSG00000198585;-0.509516257
ENSG00000014257;-0.529107511
ENSG00000274810;-0.508807769
ENSG00000113971;-0.505570717
ENSG00000214289;-0.495746278
ENSG00000114019;-0.52308138
ENSG00000154928;-0.507264407
ENSG00000174579;-0.518516882
ENSG00000280399;-0.501540727
ENSG00000241429;-0.494531899
ENSG00000184432;-0.520935925
ENSG00000248773;-0.537154226
ENSG00000069849;-0.506204525
ENSG00000163754;-0.508971956
ENSG00000047457;-0.514078359
ENSG00000169908;-0.518967839
ENSG00000244503;-0.53288748
ENSG00000018408;-0.51879655
ENSG00000114744;-0.504770676
ENSG00000239351;-0.538796017
ENSG00000144895;-0.50869552
ENSG00000181788;-0.51941874
ENSG00000196549;-0.501793606
ENSG00000168811;-0.495110176
ENSG00000184378;-0.527814162
ENSG00000114248;-0.51378977
ENSG00000241416;-0.544998339
ENSG00000075651;-0.520712662
ENSG00000121858;-0.519955917
ENSG00000114346;-0.517691616
ENSG00000121879;-0.503082668
ENSG00000121864;-0.515050674
ENSG00000114416;-0.517103875
ENSG00000058063;-0.512541115
ENSG00000043093;-0.513714072
ENSG00000078081;-0.51804032
ENSG00000283765;-0.511475579
ENSG00000175193;-0.512244744
ENSG00000145191;-0.519645558
ENSG00000228205;-0.514876021
ENSG00000161202;-0.516599334
ENSG00000175182;-0.509544434
ENSG00000163904;-0.510268525
ENSG00000113838;-0.509597141
ENSG00000226652;-0.516576719
ENSG00000156976;-0.527457238
ENSG00000283958;-0.523239934
ENSG00000073849;-0.514459131
ENSG00000136514;-0.517999756
ENSG00000145012;-0.522716965
ENSG00000113946;-0.523105165
ENSG00000172061;-0.478537922
ENSG00000237222;-0.496692516
ENSG00000184203;-0.517924126
ENSG00000252620;-0.52402884
ENSG00000223711;-0.530145157
ENSG00000163960;-0.517081542
ENSG00000163961;-0.517781385
ENSG00000075711;-0.520175201
ENSG00000272989;-0.489805848
ENSG00000234742;-0.520562418
ENSG00000182899;-0.517538935
ENSG00000131127;-0.510975071
ENSG00000174137;-0.533558898
ENSG00000109501;-0.510159736
ENSG00000013288;-0.511611544
ENSG00000048342;-0.496361086
ENSG00000169851;-0.519068183
ENSG00000249863;-0.502767061
ENSG00000272969;-0.513330958
ENSG00000090989;-0.512472607
ENSG00000202358;-0.510515566
ENSG00000174799;-0.505034383
ENSG00000171476;-0.509862439
ENSG00000084093;-0.517327984
ENSG00000084092;-0.50946727
ENSG00000145241;-0.513118339
ENSG00000033178;-0.508479226
ENSG00000083896;-0.519638664
ENSG00000018189;-0.509980242
ENSG00000173542;-0.509425879
ENSG00000163626;-0.516928072
ENSG00000124882;-0.515274162
ENSG00000169116;-0.520564509
ENSG00000260265;-0.518831581
ENSG00000138757;-0.517871568
ENSG00000138768;-0.515379718
ENSG00000138750;-0.509212314
ENSG00000272414;-0.511526537
ENSG00000118804;-0.512335316
ENSG00000138771;-0.517754393
ENSG00000118816;-0.52780299
ENSG00000138764;-0.51376941
ENSG00000138767;-0.501274949
ENSG00000138756;-0.516420955
ENSG00000249307;-0.508745781
ENSG00000244002;-0.538482294
ENSG00000272677;-0.471780866
ENSG00000250325;-0.484376718
ENSG00000145293;-0.505170795
ENSG00000249242;-0.501285125
ENSG00000227304;-0.503817218
ENSG00000138674;-0.519782395
ENSG00000251022;-0.510143501
ENSG00000168152;-0.504010769
ENSG00000163319;-0.510944404
ENSG00000163322;-0.507956449
ENSG00000163624;-0.508892943
ENSG00000138639;-0.514049813
ENSG00000251411;-0.512679395
ENSG00000170509;-0.497765986
ENSG00000287542;-0.517722988
ENSG00000138641;-0.516928384
ENSG00000177432;-0.511871288
ENSG00000248019;-0.512317256
ENSG00000278151;-0.493465988
ENSG00000138640;-0.512418632
ENSG00000168785;-0.524211778
ENSG00000164024;-0.520114403
ENSG00000070190;-0.513624039
ENSG00000138821;-0.518962532
ENSG00000248161;-0.519071156
ENSG00000109320;-0.522595419
ENSG00000109332;-0.514647572
ENSG00000138777;-0.515095897
ENSG00000164022;-0.513127253
ENSG00000138795;-0.511244213
ENSG00000247950;-0.514118098
ENSG00000138802;-0.511896045
ENSG00000109534;-0.507698432
ENSG00000138660;-0.507669629
ENSG00000073331;-0.517274051
ENSG00000138658;-0.503294578
ENSG00000145388;-0.514001354
ENSG00000150961;-0.52209711
ENSG00000145390;-0.521327871
ENSG00000145386;-0.523401225
ENSG00000138688;-0.52266815
ENSG00000273007;-0.51806931
ENSG00000170917;-0.511907817
ENSG00000164074;-0.513979555
ENSG00000138709;-0.515884735
ENSG00000151466;-0.515263046
ENSG00000234125;-0.498464163
ENSG00000109390;-0.517145255
ENSG00000172007;-0.514727407
ENSG00000153130;-0.516382604
ENSG00000109445;-0.509004702
ENSG00000109458;-0.516343073
ENSG00000151611;-0.509118334
ENSG00000164167;-0.515421887
ENSG00000145425;-0.512025022
ENSG00000109686;-0.513854967
ENSG00000251611;-0.523677488
ENSG00000164142;-0.517138634
ENSG00000109670;-0.511970562
ENSG00000164144;-0.51035571
ENSG00000137460;-0.506766046
ENSG00000288637;-0.521929011
ENSG00000171497;-0.510286122
ENSG00000052795;-0.518107506
ENSG00000198498;-0.519442133
ENSG00000240674;-0.518605978
ENSG00000052802;-0.518262962
ENSG00000109472;-0.525004208
ENSG00000154447;-0.51927163
ENSG00000109572;-0.518923512
ENSG00000245213;-0.506221079
ENSG00000242882;-0.53690792
ENSG00000164117;-0.513238391
ENSG00000168564;-0.512484575
ENSG00000168556;-0.512246799
ENSG00000182552;-0.542244457
ENSG00000249096;-0.497445889
ENSG00000168310;-0.513031464
ENSG00000270426;-0.539246268
ENSG00000164305;-0.509589063
ENSG00000164306;-0.512008916
ENSG00000151725;-0.511024898
ENSG00000109762;-0.516046199
ENSG00000186352;-0.520739363
ENSG00000168491;-0.508611533
ENSG00000109536;-0.51693135
ENSG00000188818;-0.488653564
ENSG00000164362;-0.498709404
ENSG00000150756;-0.509614002
ENSG00000164237;-0.520835619
ENSG00000145569;-0.530885408
ENSG00000154122;-0.51017141
ENSG00000145555;-0.519467507
ENSG00000223361;-0.511885614
ENSG00000249572;-0.527229297
ENSG00000152582;-0.51173791
ENSG00000182836;-0.511857533
ENSG00000151881;-0.499911399
ENSG00000170571;-0.509191405
ENSG00000062194;-0.518602632
ENSG00000164197;-0.535296504
ENSG00000249364;-0.507161476
ENSG00000213864;-0.52019022
ENSG00000145675;-0.52471899
ENSG00000134058;-0.512371379
ENSG00000215006;-0.501264862
ENSG00000152939;-0.514273215
ENSG00000197822;-0.516887776
ENSG00000157107;-0.513521474
ENSG00000113161;-0.514883773
ENSG00000152359;-0.51129827
ENSG00000132846;-0.512065011
ENSG00000152409;-0.516374856
ENSG00000242706;-0.516736022
ENSG00000281357;-0.512667875
ENSG00000185261;-0.510043089
ENSG00000153113;-0.526029346
ENSG00000174136;-0.510140127
ENSG00000153922;-0.520820636
ENSG00000184349;-0.518027776
ENSG00000145777;-0.524634471
ENSG00000134987;-0.510059963
ENSG00000129595;-0.526904806
ENSG00000224032;-0.51437823
ENSG00000278921;-0.525881288
ENSG00000152503;-0.510382943
ENSG00000164221;-0.490009195
ENSG00000145779;-0.504042219
ENSG00000281938;-0.5256943
ENSG00000251169;-0.500714006
ENSG00000094880;-0.505660597
ENSG00000158402;-0.501080356
ENSG00000120733;-0.524580864
ENSG00000170469;-0.496104728
ENSG00000158458;-0.502889571
ENSG00000245146;-0.503698838
ENSG00000254996;-0.525529164
ENSG00000113649;-0.510633085
ENSG00000214510;-0.544719181
ENSG00000173210;-0.515256866
ENSG00000164284;-0.504368501
ENSG00000113712;-0.520202394
ENSG00000230551;-0.517290839
ENSG00000132915;-0.506157985
ENSG00000171992;-0.524542381
ENSG00000272112;-0.488671597
ENSG00000275765;-0.502784984
ENSG00000164574;-0.510781165
ENSG00000155508;-0.509757429
ENSG00000082515;-0.504810567
ENSG00000170624;-0.505151345
ENSG00000231989;-0.513299663
ENSG00000055163;-0.514867831
ENSG00000172548;-0.491330976
ENSG00000039600;-0.504576164
ENSG00000113282;-0.525000487
ENSG00000170234;-0.506629064
ENSG00000135083;-0.507284203
ENSG00000164611;-0.502079646
ENSG00000113328;-0.518132612
ENSG00000170584;-0.509955626
ENSG00000038274;-0.521750266
ENSG00000113643;-0.514809257
ENSG00000181163;-0.514879443
ENSG00000120129;-0.512840196
ENSG00000145919;-0.511206027
ENSG00000113742;-0.519045732
ENSG00000251623;-0.52074874
ENSG00000122203;-0.513979824
ENSG00000175414;-0.511316049
ENSG00000146083;-0.515411215
ENSG00000087206;-0.519219878
ENSG00000146067;-0.518451398
ENSG00000184840;-0.524522087
ENSG00000247679;-0.50262259
ENSG00000249684;-0.517567749
ENSG00000197451;-0.518733011
ENSG00000169131;-0.515800355
ENSG00000206624;-0.516627836
ENSG00000037280;-0.508896403
ENSG00000146054;-0.51526403
ENSG00000250900;-0.484459104
ENSG00000272296;-0.516773405
ENSG00000286324;-0.509230734
ENSG00000137266;-0.513078825
ENSG00000288548;-0.504947078
ENSG00000265818;-0.531023961
ENSG00000124802;-0.529164164
ENSG00000153157;-0.511804045
ENSG00000111863;-0.501193845
ENSG00000095951;-0.517338282
ENSG00000263712;-0.467073933
ENSG00000137393;-0.509293785
ENSG00000112304;-0.510461406
ENSG00000112312;-0.514683032
ENSG00000282804;-0.484395476
ENSG00000111913;-0.510312799
ENSG00000286633;-0.512075022
ENSG00000168405;-0.503769106
ENSG00000079691;-0.513988314
ENSG00000204789;-0.511548422
ENSG00000124613;-0.527540378
ENSG00000271755;-0.511298872
ENSG00000096654;-0.507666441
ENSG00000269293;-0.514550585
ENSG00000232040;-0.514130264
ENSG00000214922;-0.508693539
ENSG00000239257;-0.502662659
ENSG00000204592;-0.530989754
ENSG00000235781;-0.492999377
ENSG00000137310;-0.509939052
ENSG00000204528;-0.511950864
ENSG00000204520;-0.512995837
ENSG00000204421;-0.478092468
ENSG00000204410;-0.501060951
ENSG00000255152;-0.503090997
ENSG00000285565;-0.49993038
ENSG00000204387;-0.506283907
ENSG00000224389;-0.508620002
ENSG00000284469;-0.528156442
ENSG00000204305;-0.495277066
ENSG00000273333;-0.509336895
ENSG00000204304;-0.518899331
ENSG00000225914;-0.505483685
ENSG00000112473;-0.525029585
ENSG00000161896;-0.503846539
ENSG00000272288;-0.514996283
ENSG00000146197;-0.506180239
ENSG00000007866;-0.519848413
ENSG00000157343;-0.50292671
ENSG00000204140;-0.494442165
ENSG00000096063;-0.516905289
ENSG00000246982;-0.490921217
ENSG00000010030;-0.518705087
ENSG00000286105;-0.483946173
ENSG00000112130;-0.509944133
ENSG00000198937;-0.527400625
ENSG00000112164;-0.500293398
ENSG00000124602;-0.512363367
ENSG00000001167;-0.52088034
ENSG00000124593;-0.502058001
ENSG00000214736;-0.504127238
ENSG00000124641;-0.515379284
ENSG00000112576;-0.510307613
ENSG00000137413;-0.501732455
ENSG00000112599;-0.50938439
ENSG00000048544;-0.506870075
ENSG00000124496;-0.506840982
ENSG00000024048;-0.513338146
ENSG00000146223;-0.514559072
ENSG00000112640;-0.510851118
ENSG00000124541;-0.514398398
ENSG00000044090;-0.516404034
ENSG00000112659;-0.512176444
ENSG00000146216;-0.507249568
ENSG00000146215;-0.522072779
ENSG00000137207;-0.514869549
ENSG00000170734;-0.512427992
ENSG00000112715;-0.518867382
ENSG00000181577;-0.513591805
ENSG00000183239;-0.513787881
ENSG00000137216;-0.521339971
ENSG00000112759;-0.509957982
ENSG00000284427;-0.487323374
ENSG00000146232;-0.518269106
ENSG00000178233;-0.522966552
ENSG00000198087;-0.521340934
ENSG00000230204;-0.514483345
ENSG00000096092;-0.508415666
ENSG00000112144;-0.507550158
ENSG00000124743;-0.505826361
ENSG00000156508;-0.531733272
ENSG00000231652;-0.50573881
ENSG00000112695;-0.513422837
ENSG00000112697;-0.515308272
ENSG00000112701;-0.507345162
ENSG00000118432;-0.520741733
ENSG00000198833;-0.518023123
ENSG00000112182;-0.501248618
ENSG00000112218;-0.512783168
ENSG00000146267;-0.490813843
ENSG00000164494;-0.509308944
ENSG00000056972;-0.508638144
ENSG00000277443;-0.525711082
ENSG00000047936;-0.502807643
ENSG00000112303;-0.511269317
ENSG00000118515;-0.515290365
ENSG00000135525;-0.51636665
ENSG00000051620;-0.512662907
ENSG00000225177;-0.511738004
ENSG00000112414;-0.512335743
ENSG00000146416;-0.514923351
ENSG00000228283;-0.502715484
ENSG00000220494;-0.509940745
ENSG00000231760;-0.50758277
ENSG00000164520;-0.509102961
ENSG00000120254;-0.509715342
ENSG00000071242;-0.513340614
ENSG00000164488;-0.517897644
ENSG00000164877;-0.510256876
ENSG00000136213;-0.507638004
ENSG00000234432;-0.514292722
ENSG00000187953;-0.514428358
ENSG00000164654;-0.508798037
ENSG00000283549;-0.51199882
ENSG00000213875;-0.514912297
ENSG00000006468;-0.528455545
ENSG00000136261;-0.514018155
ENSG00000226816;-0.507948264
ENSG00000005020;-0.516662378
ENSG00000224322;-0.494899674
ENSG00000286478;-0.508536106
ENSG00000281404;-0.509076864
ENSG00000273014;-0.509917053
ENSG00000281332;-0.510754626
ENSG00000122642;-0.515388365
ENSG00000271122;-0.509206419
ENSG00000175741;-0.538760327
ENSG00000146678;-0.524625341
ENSG00000223829;-0.516583606
ENSG00000179869;-0.509540607
ENSG00000227344;-0.495614176
ENSG00000225018;-0.508165093
ENSG00000235720;-0.532917239
ENSG00000230583;-0.486639344
ENSG00000230654;-0.507341989
ENSG00000229031;-0.507858735
ENSG00000106089;-0.514087099
ENSG00000165171;-0.50566739
ENSG00000106665;-0.528775072
ENSG00000127957;-0.514207757
ENSG00000127952;-0.515959052
ENSG00000187257;-0.514264221
ENSG00000186472;-0.51609761
ENSG00000085563;-0.519457226
ENSG00000006634;-0.514340979
ENSG00000237709;-0.50004529
ENSG00000105792;-0.510227922
ENSG00000105793;-0.511009234
ENSG00000001630;-0.515189547
ENSG00000285772;-0.515725577
ENSG00000070669;-0.508143147
ENSG00000284707;-0.512007325
ENSG00000164715;-0.524823713
ENSG00000006453;-0.520660161
ENSG00000198742;-0.519067531
ENSG00000197093;-0.510309041
ENSG00000066923;-0.502267831
ENSG00000185955;-0.493142435
ENSG00000106351;-0.51625625
ENSG00000106336;-0.499504039
ENSG00000196411;-0.522191083
ENSG00000106397;-0.517767123
ENSG00000170632;-0.514392691
ENSG00000105821;-0.512399564
ENSG00000272918;-0.506102861
ENSG00000105856;-0.518847678
ENSG00000105865;-0.509865191
ENSG00000091137;-0.526493083
ENSG00000105879;-0.516887364
ENSG00000091129;-0.521799937
ENSG00000198839;-0.511275345
ENSG00000006652;-0.516577016
ENSG00000288640;-0.518846993
ENSG00000181016;-0.518276231
ENSG00000128534;-0.511774783
ENSG00000071243;-0.50635424
ENSG00000106278;-0.508879579
ENSG00000106299;-0.517987161
ENSG00000186676;-0.528269286
ENSG00000048405;-0.515837449
ENSG00000280347;-0.511243506
ENSG00000128595;-0.51680987
ENSG00000272899;-0.490980983
ENSG00000128604;-0.513044819
ENSG00000128602;-0.510840992
ENSG00000240204;-0.50990622
ENSG00000286380;-0.508767002
ENSG00000128510;-0.542533479
ENSG00000182158;-0.529420341
ENSG00000157741;-0.521473794
ENSG00000146963;-0.517642161
ENSG00000269955;-0.519915746
ENSG00000006459;-0.516739701
ENSG00000157800;-0.511971411
ENSG00000133606;-0.531297041
ENSG00000146966;-0.533979365
ENSG00000257093;-0.519408061
ENSG00000239419;-0.508979951
ENSG00000159784;-0.496472051
ENSG00000198420;-0.518844873
ENSG00000106560;-0.515150997
ENSG00000055118;-0.499645603
ENSG00000164867;-0.507266452
ENSG00000285480;-0.489825197
ENSG00000013374;-0.516719864
ENSG00000133627;-0.523082014
ENSG00000273344;-0.50748573
ENSG00000184863;-0.517167409
ENSG00000164690;-0.514324139
ENSG00000146909;-0.509969987
ENSG00000130675;-0.512659927
ENSG00000243479;-0.482138089
ENSG00000183943;-0.509740267
ENSG00000207332;-0.517086985
ENSG00000177138;-0.525797218
ENSG00000073464;-0.511124114
ENSG00000004961;-0.511597227
ENSG00000235385;-0.488875013
ENSG00000176896;-0.512663896
ENSG00000169891;-0.504062313
ENSG00000008086;-0.509380938
ENSG00000086717;-0.49120878
ENSG00000237836;-0.488946525
ENSG00000230797;-0.494670713
ENSG00000232472;-0.511316126
ENSG00000233921;-0.469006514
ENSG00000183337;-0.516752971
ENSG00000182220;-0.514216163
ENSG00000185753;-0.516036356
ENSG00000069535;-0.523626493
ENSG00000214282;-0.506939457
ENSG00000130988;-0.50487604
ENSG00000102265;-0.534949089
ENSG00000068438;-0.518117275
ENSG00000102312;-0.510230399
ENSG00000147155;-0.514136029
ENSG00000286268;-0.512967872
ENSG00000102001;-0.499916596
ENSG00000179222;-0.524058752
ENSG00000224781;-0.510731239
ENSG00000124313;-0.524934455
ENSG00000072501;-0.51977908
ENSG00000233250;-0.491641785
ENSG00000184083;-0.511458604
ENSG00000238269;-0.51093016
ENSG00000204272;-0.513882362
ENSG00000228328;-0.515393905
ENSG00000158813;-0.533609658
ENSG00000089289;-0.516683826
ENSG00000204165;-0.526989759
ENSG00000196338;-0.50617857
ENSG00000224208;-0.520861791
ENSG00000285547;-0.49909971
ENSG00000198934;-0.502005636
ENSG00000102158;-0.514790534
ENSG00000187325;-0.509021221
ENSG00000124429;-0.516743889
ENSG00000215093;-0.531427135
ENSG00000102384;-0.507535026
ENSG00000196507;-0.515158457
ENSG00000231728;-0.507427139
ENSG00000003096;-0.530373501
ENSG00000232412;-0.501980688
ENSG00000085185;-0.510947058
ENSG00000134602;-0.513450465
ENSG00000076716;-0.518397046
ENSG00000129682;-0.50238941
ENSG00000219507;-0.5142039
ENSG00000241769;-0.516384396
ENSG00000235961;-0.509691029
ENSG00000182492;-0.529431647
ENSG00000101986;-0.521212511
ENSG00000198910;-0.505143233
ENSG00000197180;-0.513854852
ENSG00000071553;-0.526055903
ENSG00000196976;-0.523628147
ENSG00000160211;-0.521798455
ENSG00000165775;-0.510546292
ENSG00000176595;-0.513396352
ENSG00000255128;-0.560375123
ENSG00000158856;-0.520540161
ENSG00000261026;-0.538101297
ENSG00000147437;-0.506511234
ENSG00000104290;-0.502812426
ENSG00000147421;-0.513339665
ENSG00000259366;-0.506732586
ENSG00000157168;-0.503570437
ENSG00000133874;-0.508535091
ENSG00000187840;-0.532107159
ENSG00000260949;-0.498835874
ENSG00000147548;-0.522225398
ENSG00000029534;-0.509938531
ENSG00000248498;-0.503448211
ENSG00000224594;-0.473075803
ENSG00000286878;-0.501371035
ENSG00000019549;-0.510146946
ENSG00000287788;-0.525667611
ENSG00000170786;-0.515559978
ENSG00000177182;-0.501211421
ENSG00000185942;-0.51044987
ENSG00000137571;-0.494610939
ENSG00000171033;-0.504448
ENSG00000251867;-0.525443434
ENSG00000254331;-0.514899061
ENSG00000272425;-0.494548496
ENSG00000237264;-0.51443533
ENSG00000133739;-0.508905651
ENSG00000133740;-0.511681662
ENSG00000180694;-0.510078658
ENSG00000164953;-0.509652752
ENSG00000156471;-0.512019022
ENSG00000180543;-0.520598821
ENSG00000104341;-0.514537703
ENSG00000132541;-0.499845614
ENSG00000253666;-0.501716961
ENSG00000070756;-0.516238296
ENSG00000246263;-0.511905584
ENSG00000154188;-0.514851482
ENSG00000170961;-0.509093317
ENSG00000248690;-0.520773392
ENSG00000261220;-0.5296985
ENSG00000184489;-0.53801676
ENSG00000107099;-0.520490268
ENSG00000080298;-0.511391629
ENSG00000099219;-0.51442135
ENSG00000183354;-0.521623981
ENSG00000147854;-0.512949801
ENSG00000178445;-0.507221453
ENSG00000232946;-0.486650063
ENSG00000137154;-0.52597381
ENSG00000188352;-0.520463722
ENSG00000086062;-0.515287276
ENSG00000237984;-0.528702044
ENSG00000122735;-0.516140626
ENSG00000137101;-0.501070556
ENSG00000227388;-0.512869124
ENSG00000159899;-0.515811209
ENSG00000122694;-0.515927681
ENSG00000137075;-0.525583325
ENSG00000281649;-0.516459335
ENSG00000122741;-0.515179753
ENSG00000276291;-0.505943889
ENSG00000280077;-0.501931173
ENSG00000279456;-0.515103462
ENSG00000215126;-0.505167336
ENSG00000231527;-0.521385456
ENSG00000260691;-0.520937398
ENSG00000196873;-0.525155069
ENSG00000165060;-0.508283741
ENSG00000135063;-0.508782991
ENSG00000204706;-0.502299562
ENSG00000155621;-0.514616694
ENSG00000187210;-0.499417129
ENSG00000156052;-0.522846813
ENSG00000235298;-0.489115722
ENSG00000130222;-0.518420372
ENSG00000196305;-0.515216806
ENSG00000285269;-0.505885923
ENSG00000130958;-0.510708345
ENSG00000081377;-0.514493143
ENSG00000136938;-0.515156104
ENSG00000255145;-0.508751371
ENSG00000136891;-0.505219766
ENSG00000170681;-0.493640942
ENSG00000237999;-0.507006217
ENSG00000106771;-0.514740794
ENSG00000070159;-0.518400423
ENSG00000106853;-0.505352575
ENSG00000225513;-0.498438335
ENSG00000119314;-0.513417662
ENSG00000225684;-0.508307813
ENSG00000165188;-0.532209765
ENSG00000136883;-0.523230369
ENSG00000106948;-0.516626049
ENSG00000148219;-0.50355005
ENSG00000283941;-0.516544031
ENSG00000148200;-0.51021742
ENSG00000136895;-0.51131011
ENSG00000279571;-0.512048934
ENSG00000095370;-0.521023872
ENSG00000167103;-0.52200131
ENSG00000126878;-0.511035484
ENSG00000196358;-0.513214091
ENSG00000196205;-0.505968353
ENSG00000160345;-0.499939361
ENSG00000196366;-0.510277002
ENSG00000148400;-0.534371063
ENSG00000233016;-0.521738014
ENSG00000107317;-0.530330515
ENSG00000284341;-0.547608573
ENSG00000214402;-0.503371685
ENSG00000198435;-0.512657568
ENSG00000142102;-0.523122274
ENSG00000279672;-0.505375208
ENSG00000177697;-0.520829344
ENSG00000177700;-0.525376046
ENSG00000214063;-0.51391209
ENSG00000183020;-0.521909464
ENSG00000174672;-0.514327612
ENSG00000021762;-0.520546793
ENSG00000167323;-0.522994721
ENSG00000166311;-0.51597227
ENSG00000166341;-0.508164145
ENSG00000170743;-0.516065285
ENSG00000175390;-0.51645819
ENSG00000238622;-0.51843259
ENSG00000246308;-0.511931868
ENSG00000262655;-0.524524456
ENSG00000129084;-0.513070439
ENSG00000110693;-0.525329303
ENSG00000110700;-0.518235023
ENSG00000272034;-0.510329759
ENSG00000201403;-0.518246289
ENSG00000074319;-0.51245023
ENSG00000256361;-0.528222264
ENSG00000149100;-0.517439788
ENSG00000186714;-0.517030746
ENSG00000135378;-0.517440163
ENSG00000247151;-0.498317361
ENSG00000175104;-0.510725972
ENSG00000052841;-0.513225759
ENSG00000246250;-0.493324127
ENSG00000165905;-0.530664067
ENSG00000135365;-0.514105113
ENSG00000134575;-0.508012577
ENSG00000123444;-0.504922169
ENSG00000109920;-0.512125376
ENSG00000149150;-0.508913088
ENSG00000189057;-0.511583484
ENSG00000287264;-0.524083422
ENSG00000110446;-0.519658321
ENSG00000013725;-0.510015875
ENSG00000167992;-0.506195165
ENSG00000167996;-0.528787532
ENSG00000214756;-0.515056338
ENSG00000222328;-0.531009367
ENSG00000255717;-0.520932731
ENSG00000168005;-0.514731336
ENSG00000257086;-0.497823065
ENSG00000278952;-0.46271956
ENSG00000274072;-0.523022548
ENSG00000168056;-0.527550269
ENSG00000174669;-0.503908354
ENSG00000173599;-0.516154563
ENSG00000173237;-0.526692472
ENSG00000173227;-0.519856962
ENSG00000173020;-0.523550246
ENSG00000175544;-0.513083872
ENSG00000231793;-0.49873601
ENSG00000006534;-0.515138068
ENSG00000110066;-0.512616976
ENSG00000069482;-0.463844524
ENSG00000132749;-0.508814953
ENSG00000250508;-0.524327769
ENSG00000284713;-0.507393284
ENSG00000172893;-0.510967258
ENSG00000255847;-0.527646787
ENSG00000254974;-0.513770312
ENSG00000166439;-0.509082822
ENSG00000149273;-0.528042929
ENSG00000206941;-0.519885406
ENSG00000158555;-0.517553378
ENSG00000171533;-0.507518471
ENSG00000261578;-0.493383079
ENSG00000078124;-0.503594922
ENSG00000074201;-0.517717549
ENSG00000048649;-0.516226208
ENSG00000219529;-0.52550638
ENSG00000087884;-0.499206942
ENSG00000118369;-0.522306258
ENSG00000033327;-0.507583487
ENSG00000137513;-0.508403536
ENSG00000165494;-0.517765141
ENSG00000110172;-0.51044186
ENSG00000165323;-0.512168629
ENSG00000166012;-0.516329532
ENSG00000202314;-0.514702399
ENSG00000206834;-0.512451818
ENSG00000239195;-0.510223835
ENSG00000207145;-0.519252037
ENSG00000284458;-0.524468543
ENSG00000210825;-0.512139778
ENSG00000284057;-0.518748512
ENSG00000020922;-0.516010459
ENSG00000168876;-0.501830631
ENSG00000263465;-0.517004688
ENSG00000137692;-0.509564397
ENSG00000260966;-0.507871448
ENSG00000255221;-0.488747013
ENSG00000152404;-0.507479036
ENSG00000110723;-0.51510304
ENSG00000149289;-0.513476174
ENSG00000254416;-0.522917398
ENSG00000137720;-0.502887019
ENSG00000109906;-0.514874203
ENSG00000166741;-0.532917707
ENSG00000254851;-0.499324893
ENSG00000149591;-0.510929457
ENSG00000280143;-0.50553724
ENSG00000110324;-0.520282579
ENSG00000137648;-0.531108074
ENSG00000160588;-0.515076489
ENSG00000255121;-0.513302606
ENSG00000137700;-0.509584968
ENSG00000172375;-0.515322498
ENSG00000172350;-0.505389212
ENSG00000160703;-0.5166826
ENSG00000245248;-0.51372788
ENSG00000109929;-0.514105298
ENSG00000232460;-0.521338576
ENSG00000166261;-0.515636683
ENSG00000154144;-0.519126195
ENSG00000154134;-0.513831197
ENSG00000110060;-0.50961153
ENSG00000120471;-0.510548241
ENSG00000170325;-0.519187905
ENSG00000255262;-0.502783683
ENSG00000166106;-0.53194096
ENSG00000166086;-0.509735798
ENSG00000151502;-0.517772513
ENSG00000067064;-0.514519816
ENSG00000047056;-0.516161943
ENSG00000107959;-0.515886409
ENSG00000237399;-0.496174783
ENSG00000287175;-0.491714254
ENSG00000240180;-0.502067004
ENSG00000134452;-0.517375897
ENSG00000151461;-0.519550915
ENSG00000165626;-0.512516883
ENSG00000152464;-0.513227627
ENSG00000179133;-0.513355656
ENSG00000240294;-0.545352405
ENSG00000169126;-0.509580674
ENSG00000150054;-0.501308618
ENSG00000165757;-0.528159755
ENSG00000231245;-0.501164144
ENSG00000099251;-0.507084404
ENSG00000196693;-0.512817428
ENSG00000285884;-0.500156763
ENSG00000165731;-0.504678077
ENSG00000107551;-0.516157657
ENSG00000165511;-0.506118722
ENSG00000254929;-0.524013226
ENSG00000204149;-0.513231099
ENSG00000165449;-0.512611472
ENSG00000151150;-0.507781726
ENSG00000072422;-0.524145555
ENSG00000138311;-0.535437274
ENSG00000285837;-0.51577066
ENSG00000171988;-0.525500442
ENSG00000235489;-0.51362333
ENSG00000108176;-0.533549312
ENSG00000226318;-0.512079535
ENSG00000221184;-0.514173684
ENSG00000198954;-0.514266382
ENSG00000042286;-0.508922845
ENSG00000166228;-0.516525838
ENSG00000122863;-0.518503858
ENSG00000156026;-0.520105684
ENSG00000221817;-0.507047646
ENSG00000272791;-0.469991423
ENSG00000196968;-0.519484801
ENSG00000272916;-0.515457836
ENSG00000165637;-0.518173596
ENSG00000213513;-0.51570934
ENSG00000151208;-0.522815468
ENSG00000224596;-0.513102897
ENSG00000108175;-0.52291303
ENSG00000280355;-0.514648732
ENSG00000224886;-0.52089501
ENSG00000151224;-0.507282754
ENSG00000062650;-0.519202079
ENSG00000198682;-0.521117436
ENSG00000171862;-0.522428671
ENSG00000152766;-0.517831419
ENSG00000119938;-0.512461087
ENSG00000107854;-0.524848989
ENSG00000213432;-0.527960281
ENSG00000107443;-0.510351865
ENSG00000095585;-0.508655754
ENSG00000229417;-0.501462601
ENSG00000155629;-0.5316149
ENSG00000187122;-0.508061784
ENSG00000213390;-0.507552685
ENSG00000171314;-0.513007059
ENSG00000119943;-0.512357322
ENSG00000284415;-0.509380371
ENSG00000095485;-0.511220284
ENSG00000166169;-0.517721367
ENSG00000269609;-0.515795423
ENSG00000138175;-0.517304319
ENSG00000148835;-0.507334825
ENSG00000120051;-0.500665811
ENSG00000119950;-0.523323958
ENSG00000243316;-0.518438758
ENSG00000196865;-0.516196767
ENSG00000165813;-0.521164133
ENSG00000151553;-0.513673025
ENSG00000277687;-0.530388994
ENSG00000119979;-0.508791602
ENSG00000107672;-0.507691601
ENSG00000255624;-0.512788827
ENSG00000095574;-0.515402172
ENSG00000089876;-0.519395941
ENSG00000237489;-0.500410371
ENSG00000277218;-0.521351013
ENSG00000165752;-0.507755774
ENSG00000111181;-0.500664738
ENSG00000261799;-0.514666805
ENSG00000111186;-0.51257372
ENSG00000151067;-0.51355081
ENSG00000111206;-0.508413858
ENSG00000130038;-0.510718476
ENSG00000280202;-0.506567915
ENSG00000010219;-0.511817741
ENSG00000111319;-0.50990097
ENSG00000255966;-0.502002516
ENSG00000111652;-0.512579423
ENSG00000010626;-0.507601699
ENSG00000111674;-0.512659956
ENSG00000111676;-0.514758074
ENSG00000242661;-0.501385666
ENSG00000166532;-0.504789068
ENSG00000111752;-0.505332526
ENSG00000110848;-0.522793002
ENSG00000060140;-0.508663832
ENSG00000111269;-0.515612116
ENSG00000241352;-0.532212912
ENSG00000183935;-0.504513797
ENSG00000134533;-0.514504036
ENSG00000111726;-0.504022959
ENSG00000060982;-0.512551157
ENSG00000152936;-0.529178178
ENSG00000165935;-0.502527386
ENSG00000133687;-0.507854365
ENSG00000139146;-0.51372101
ENSG00000276115;-0.511283665
ENSG00000276148;-0.523307454
ENSG00000257511;-0.511193024
ENSG00000139131;-0.52226361
ENSG00000274105;-0.507015204
ENSG00000015153;-0.511117722
ENSG00000274943;-0.500369666
ENSG00000257907;-0.516202484
ENSG00000198001;-0.513565192
ENSG00000189079;-0.514075139
ENSG00000139218;-0.518726293
ENSG00000111371;-0.513400591
ENSG00000275481;-0.504959214
ENSG00000276814;-0.512006951
ENSG00000172602;-0.506768824
ENSG00000181418;-0.49126147
ENSG00000123352;-0.510401166
ENSG00000257954;-0.499415727
ENSG00000135519;-0.500150382
ENSG00000050405;-0.51935833
ENSG00000110911;-0.515993909
ENSG00000050426;-0.513599836
ENSG00000184271;-0.508891009
ENSG00000170545;-0.51129131
ENSG00000139629;-0.510926956
ENSG00000139626;-0.513542448
ENSG00000161642;-0.507761062
ENSG00000123360;-0.507786237
ENSG00000179899;-0.518335636
ENSG00000135424;-0.505186844
ENSG00000229117;-0.517183327
ENSG00000110944;-0.517055928
ENSG00000135423;-0.508724469
ENSG00000110958;-0.521124444
ENSG00000196531;-0.513498053
ENSG00000285625;-0.517567093
ENSG00000182199;-0.516788456
ENSG00000175189;-0.507299888
ENSG00000139269;-0.516215295
ENSG00000166986;-0.518326358
ENSG00000175197;-0.518500961
ENSG00000285133;-0.510784903
ENSG00000208028;-0.510888293
ENSG00000135506;-0.526281144
ENSG00000184575;-0.515335369
ENSG00000183735;-0.511970677
ENSG00000111490;-0.508758582
ENSG00000288591;-0.510269745
ENSG00000111581;-0.512920209
ENSG00000111605;-0.513819105
ENSG00000258052;-0.498744492
ENSG00000139291;-0.506077458
ENSG00000253719;-0.51356824
ENSG00000271614;-0.499732315
ENSG00000011465;-0.527954532
ENSG00000133639;-0.514043065
ENSG00000139344;-0.487113458
ENSG00000111144;-0.516321487
ENSG00000151136;-0.521635788
ENSG00000110876;-0.522745442
ENSG00000234608;-0.504853688
ENSG00000089009;-0.522419486
ENSG00000241030;-0.514869727
ENSG00000256546;-0.521653603
ENSG00000270061;-0.52978548
ENSG00000256093;-0.501519304
ENSG00000278266;-0.509134725
ENSG00000176894;-0.527569019
ENSG00000256632;-0.52983468
ENSG00000132958;-0.51520661
ENSG00000165474;-0.512377186
ENSG00000121742;-0.534958616
ENSG00000278291;-0.509752851
ENSG00000275485;-0.497707233
ENSG00000150457;-0.522608095
ENSG00000152484;-0.507465614
ENSG00000186184;-0.514271266
ENSG00000247381;-0.510402449
ENSG00000180389;-0.537064372
ENSG00000233588;-0.512053683
ENSG00000139514;-0.517273763
ENSG00000102802;-0.522709271
ENSG00000133103;-0.514022385
ENSG00000215483;-0.503645935
ENSG00000288542;-0.51634036
ENSG00000150907;-0.515971802
ENSG00000102760;-0.495887154
ENSG00000230793;-0.531499269
ENSG00000231607;-0.512400992
ENSG00000232150;-0.521665519
ENSG00000197168;-0.510962468
ENSG00000217576;-0.511644607
ENSG00000243406;-0.506730829
ENSG00000178734;-0.48135165
ENSG00000283208;-0.503266773
ENSG00000227676;-0.511346325
ENSG00000215417;-0.500915616
ENSG00000283705;-0.498760721
ENSG00000125246;-0.511640797
ENSG00000043355;-0.508809324
ENSG00000041515;-0.495680045
ENSG00000236242;-0.514319974
ENSG00000185950;-0.515529867
ENSG00000187498;-0.533121817
ENSG00000134871;-0.528687626
ENSG00000275880;-0.52831052
ENSG00000134905;-0.514634506
ENSG00000277767;-0.514058094
ENSG00000153531;-0.503725434
ENSG00000264539;-0.504391197
ENSG00000285990;-0.48992909
ENSG00000100814;-0.505138656
ENSG00000129566;-0.521849292
ENSG00000198805;-0.510351257
ENSG00000165804;-0.515904855
ENSG00000092199;-0.526182763
ENSG00000165819;-0.509392615
ENSG00000165821;-0.509766599
ENSG00000100439;-0.519399297
ENSG00000197324;-0.528976111
ENSG00000139890;-0.514822815
ENSG00000092036;-0.513537017
ENSG00000259132;-0.516686968
ENSG00000279656;-0.504348755
ENSG00000215271;-0.510301461
ENSG00000235194;-0.512022745
ENSG00000092096;-0.515727959
ENSG00000100926;-0.519143043
ENSG00000254692;-0.523040444
ENSG00000129467;-0.506716306
ENSG00000100968;-0.520865772
ENSG00000205978;-0.513188642
ENSG00000092148;-0.521367517
ENSG00000129518;-0.512970991
ENSG00000198604;-0.515055297
ENSG00000258738;-0.518539542
ENSG00000151327;-0.512646286
ENSG00000258591;-0.490888208
ENSG00000165355;-0.513202355
ENSG00000258526;-0.498189036
ENSG00000259051;-0.554531461
ENSG00000185246;-0.507704232
ENSG00000129534;-0.505043335
ENSG00000244270;-0.516424584
ENSG00000276168;-0.546061971
ENSG00000258568;-0.533963768
ENSG00000165506;-0.515646122
ENSG00000258450;-0.515505599
ENSG00000165516;-0.511171062
ENSG00000278771;-0.541233901
ENSG00000282885;-0.552526549
ENSG00000274012;-0.552525601
ENSG00000165527;-0.525417137
ENSG00000214900;-0.506644447
ENSG00000100483;-0.521448381
ENSG00000100490;-0.504139458
ENSG00000125384;-0.514181881
ENSG00000100522;-0.508809301
ENSG00000285664;-0.510538155
ENSG00000073712;-0.515207408
ENSG00000180008;-0.508317991
ENSG00000178974;-0.512087687
ENSG00000258791;-0.498281252
ENSG00000259868;-0.515601092
ENSG00000100567;-0.51207959
ENSG00000126790;-0.509680896
ENSG00000020426;-0.511633849
ENSG00000258892;-0.514699313
ENSG00000279633;-0.520629333
ENSG00000100714;-0.509659373
ENSG00000125952;-0.519036343
ENSG00000081181;-0.496220524
ENSG00000198732;-0.514257732
ENSG00000119599;-0.510238728
ENSG00000176903;-0.526584936
ENSG00000119636;-0.511996383
ENSG00000119630;-0.509000801
ENSG00000119686;-0.506052826
ENSG00000258301;-0.512451573
ENSG00000100583;-0.508594589
ENSG00000119705;-0.511308699
ENSG00000211448;-0.510532932
ENSG00000258841;-0.508375251
ENSG00000100784;-0.506891269
ENSG00000258875;-0.493557226
ENSG00000170270;-0.499762892
ENSG00000119698;-0.515134953
ENSG00000252481;-0.522476264
ENSG00000182218;-0.511714546
ENSG00000100811;-0.519186764
ENSG00000080823;-0.50820225
ENSG00000259775;-0.503882153
ENSG00000166165;-0.511288377
ENSG00000260285;-0.519784122
ENSG00000270108;-0.506555875
ENSG00000184916;-0.512170068
ENSG00000257622;-0.495208629
ENSG00000226174;-0.509594769
ENSG00000182979;-0.520790964
ENSG00000273679;-0.515887534
ENSG00000276141;-0.513054064
ENSG00000275325;-0.531820853
ENSG00000170113;-0.512023626
ENSG00000114062;-0.511195016
ENSG00000228992;-0.512073942
ENSG00000248334;-0.520408955
ENSG00000104067;-0.524435042
ENSG00000187951;-0.507621039
ENSG00000284783;-0.53183651
ENSG00000198690;-0.512607754
ENSG00000166912;-0.519614681
ENSG00000169857;-0.51643473
ENSG00000134152;-0.518654177
ENSG00000176454;-0.520438624
ENSG00000259751;-0.49819367
ENSG00000172575;-0.508812828
ENSG00000137801;-0.513090143
ENSG00000276107;-0.515913925
ENSG00000140319;-0.531058718
ENSG00000259288;-0.500187696
ENSG00000259536;-0.504903971
ENSG00000137812;-0.511435777
ENSG00000261183;-0.513519235
ENSG00000166145;-0.535922516
ENSG00000128965;-0.525987867
ENSG00000104147;-0.526593109
ENSG00000062524;-0.528192943
ENSG00000137802;-0.51673349
ENSG00000103966;-0.522589242
ENSG00000278493;-0.530801721
ENSG00000285942;-0.510535348
ENSG00000180979;-0.51680226
ENSG00000137842;-0.516555227
ENSG00000166946;-0.522592435
ENSG00000242866;-0.506492596
ENSG00000275601;-0.514821025
ENSG00000166763;-0.482853541
ENSG00000205771;-0.51021393
ENSG00000167004;-0.52831651
ENSG00000184716;-0.50686211
ENSG00000166734;-0.521605942
ENSG00000140263;-0.509560144
ENSG00000140254;-0.506893513
ENSG00000259539;-0.514479688
ENSG00000171763;-0.514151971
ENSG00000284386;-0.533075542
ENSG00000179362;-0.510841655
ENSG00000104177;-0.513777857
ENSG00000259388;-0.517243388
ENSG00000231169;-0.539212866
ENSG00000047346;-0.525106538
ENSG00000166415;-0.516776768
ENSG00000137876;-0.51552469
ENSG00000276524;-0.521576064
ENSG00000245534;-0.539912674
ENSG00000259498;-0.513323647
ENSG00000166949;-0.527936849
ENSG00000187720;-0.515353706
ENSG00000212664;-0.50817718
ENSG00000260534;-0.510660021
ENSG00000138622;-0.50512148
ENSG00000247240;-0.507942973
ENSG00000179335;-0.516187764
ENSG00000178761;-0.519225827
ENSG00000260269;-0.51507673
ENSG00000169371;-0.506982096
ENSG00000203392;-0.524757453
ENSG00000140386;-0.512722487
ENSG00000259565;-0.522302256
ENSG00000166426;-0.486825543
ENSG00000117971;-0.506914757
ENSG00000185787;-0.524596623
ENSG00000103876;-0.511517233
ENSG00000103888;-0.533375922
ENSG00000117899;-0.514752612
ENSG00000140598;-0.509420667
ENSG00000103942;-0.524435175
ENSG00000230373;-0.517548306
ENSG00000259244;-0.533329554
ENSG00000189136;-0.513560058
ENSG00000259728;-0.501972894
ENSG00000254779;-0.494134021
ENSG00000182175;-0.507100063
ENSG00000247809;-0.514231311
ENSG00000140443;-0.513420007
ENSG00000103852;-0.515736791
ENSG00000168904;-0.513691944
ENSG00000183475;-0.517750874
ENSG00000131876;-0.515389961
ENSG00000103126;-0.516502005
ENSG00000261659;-0.512511999
ENSG00000260807;-0.511267427
ENSG00000280327;-0.515913019
ENSG00000198736;-0.519053595
ENSG00000260260;-0.519922156
ENSG00000238098;-0.50429757
ENSG00000103363;-0.525675013
ENSG00000172460;-0.529632281
ENSG00000126602;-0.512068064
ENSG00000217930;-0.512817436
ENSG00000184857;-0.519079366
ENSG00000241932;-0.476953692
ENSG00000261130;-0.516611784
ENSG00000166780;-0.519797956
ENSG00000263335;-0.525718091
ENSG00000103489;-0.525736444
ENSG00000005187;-0.518019821
ENSG00000011638;-0.519418072
ENSG00000189149;-0.511376894
ENSG00000140743;-0.508931932
ENSG00000166828;-0.519577882
ENSG00000205629;-0.514239899
ENSG00000261557;-0.502301611
ENSG00000245888;-0.511563451
ENSG00000198156;-0.512364636
ENSG00000260442;-0.509009603
ENSG00000090238;-0.519901482
ENSG00000183604;-0.512819965
ENSG00000180035;-0.510130837
ENSG00000255439;-0.518987165
ENSG00000167397;-0.52142692
ENSG00000052344;-0.520704817
ENSG00000196470;-0.509923788
ENSG00000140807;-0.517683789
ENSG00000177508;-0.525265101
ENSG00000176842;-0.510304618
ENSG00000140848;-0.517184913
ENSG00000205336;-0.526121462
ENSG00000070770;-0.516574044
ENSG00000246777;-0.531977227
ENSG00000172840;-0.519217506
ENSG00000166589;-0.480796389
ENSG00000166592;-0.521926898
ENSG00000237172;-0.512057157
ENSG00000125122;-0.513055341
ENSG00000262160;-0.515860057
ENSG00000157315;-0.506023889
ENSG00000157423;-0.514569548
ENSG00000102967;-0.50193913
ENSG00000166822;-0.509819323
ENSG00000262583;-0.512303048
ENSG00000135702;-0.497825776
ENSG00000286221;-0.508115096
ENSG00000103121;-0.508355276
ENSG00000153815;-0.522477087
ENSG00000261235;-0.499739779
ENSG00000131149;-0.516685878
ENSG00000197912;-0.514782452
ENSG00000167526;-0.529460916
ENSG00000167523;-0.507393757
ENSG00000003249;-0.51377528
ENSG00000141252;-0.517132667
ENSG00000167699;-0.514838378
ENSG00000108953;-0.518661215
ENSG00000167703;-0.509228585
ENSG00000185561;-0.51774794
ENSG00000283824;-0.513118695
ENSG00000007168;-0.51432145
ENSG00000239884;-0.508502337
ENSG00000074755;-0.516929184
ENSG00000132388;-0.51248373
ENSG00000141497;-0.505492464
ENSG00000129197;-0.50421983
ENSG00000167842;-0.512141604
ENSG00000179314;-0.503827406
ENSG00000129195;-0.512331129
ENSG00000262302;-0.511687755
ENSG00000006047;-0.50236217
ENSG00000129244;-0.535767076
ENSG00000132518;-0.501050281
ENSG00000179094;-0.503375521
ENSG00000178977;-0.503611088
ENSG00000269947;-0.522291136
ENSG00000166579;-0.509054401
ENSG00000154914;-0.511037236
ENSG00000170222;-0.506723691
ENSG00000266709;-0.504546943
ENSG00000275413;-0.505341003
ENSG00000197566;-0.51318898
ENSG00000205309;-0.511504771
ENSG00000108551;-0.526752801
ENSG00000175662;-0.514250498
ENSG00000265693;-0.513398042
ENSG00000109046;-0.519902922
ENSG00000266202;-0.522130006
ENSG00000232859;-0.507337188
ENSG00000109072;-0.502136132
ENSG00000227543;-0.496553229
ENSG00000109113;-0.509781281
ENSG00000132591;-0.515752238
ENSG00000108256;-0.515690543
ENSG00000264290;-0.49730758
ENSG00000108576;-0.502434978
ENSG00000108582;-0.522873268
ENSG00000108587;-0.514501035
ENSG00000266733;-0.526933157
ENSG00000214719;-0.508133642
ENSG00000250462;-0.510688131
ENSG00000184060;-0.530919227
ENSG00000264148;-0.560802625
ENSG00000131242;-0.520460591
ENSG00000284424;-0.503420183
ENSG00000185158;-0.514109541
ENSG00000280033;-0.52008123
ENSG00000108666;-0.507576635
ENSG00000176658;-0.519238466
ENSG00000006042;-0.514646585
ENSG00000172716;-0.508724885
ENSG00000154760;-0.500895658
ENSG00000275720;-0.471357952
ENSG00000278053;-0.51314622
ENSG00000274620;-0.508379611
ENSG00000278845;-0.510919009
ENSG00000277399;-0.51312398
ENSG00000204952;-0.525409418
ENSG00000108306;-0.518296979
ENSG00000214546;-0.550899637
ENSG00000131748;-0.51488113
ENSG00000141744;-0.487495613
ENSG00000161395;-0.513942087
ENSG00000167914;-0.502230571
ENSG00000126368;-0.503445887
ENSG00000279199;-0.522719914
ENSG00000188895;-0.517852866
ENSG00000265666;-0.51840995
ENSG00000240125;-0.516688889
ENSG00000141698;-0.514078999
ENSG00000178502;-0.511453593
ENSG00000131473;-0.515134027
ENSG00000173757;-0.51234554
ENSG00000278829;-0.506958093
ENSG00000168610;-0.524231783
ENSG00000033627;-0.514428644
ENSG00000283929;-0.506320775
ENSG00000108784;-0.515635304
ENSG00000266929;-0.518472204
ENSG00000197291;-0.499824417
ENSG00000131477;-0.52207118
ENSG00000126562;-0.50697637
ENSG00000183978;-0.513905972
ENSG00000176563;-0.503275221
ENSG00000131471;-0.507311784
ENSG00000108830;-0.504995247
ENSG00000131096;-0.524502873
ENSG00000141349;-0.515133876
ENSG00000168591;-0.5210353
ENSG00000005961;-0.511013964
ENSG00000167131;-0.514551551
ENSG00000214447;-0.514114153
ENSG00000204650;-0.514389118
ENSG00000260075;-0.499024947
ENSG00000073969;-0.514243522
ENSG00000108433;-0.518471371
ENSG00000234494;-0.521284613
ENSG00000141293;-0.512794261
ENSG00000173917;-0.516892549
ENSG00000230148;-0.513472962
ENSG00000120093;-0.510560746
ENSG00000233101;-0.505758053
ENSG00000182742;-0.519994345
ENSG00000257178;-0.51536086
ENSG00000120075;-0.509578291
ENSG00000108511;-0.513489893
ENSG00000260027;-0.51527468
ENSG00000120068;-0.496767289
ENSG00000170689;-0.50074433
ENSG00000159210;-0.516337584
ENSG00000167085;-0.517958465
ENSG00000229944;-0.508799983
ENSG00000121104;-0.515550618
ENSG00000108846;-0.518158176
ENSG00000011258;-0.507204432
ENSG00000153930;-0.511627083
ENSG00000286732;-0.501096507
ENSG00000153944;-0.520385623
ENSG00000279069;-0.507865665
ENSG00000278627;-0.531127481
ENSG00000213246;-0.51120106
ENSG00000285897;-0.511417366
ENSG00000108387;-0.516921865
ENSG00000182628;-0.5124418
ENSG00000141367;-0.521607514
ENSG00000011028;-0.517864278
ENSG00000087191;-0.519836672
ENSG00000108622;-0.510816416
ENSG00000154258;-0.498136695
ENSG00000154262;-0.510682792
ENSG00000264860;-0.500411325
ENSG00000180616;-0.485398973
ENSG00000109066;-0.513767037
ENSG00000177728;-0.515056432
ENSG00000132478;-0.512037795
ENSG00000266970;-0.500272281
ENSG00000287539;-0.474341174
ENSG00000035862;-0.532403027
ENSG00000178404;-0.520439243
ENSG00000265096;-0.524363924
ENSG00000141519;-0.511223882
ENSG00000141564;-0.511326691
ENSG00000226137;-0.509193902
ENSG00000262660;-0.510750582
ENSG00000185624;-0.535318031
ENSG00000176155;-0.514871134
ENSG00000141526;-0.522893996
ENSG00000275888;-0.52752216
ENSG00000280407;-0.516827935
ENSG00000176912;-0.517235133
ENSG00000132199;-0.513496393
ENSG00000273355;-0.504938381
ENSG00000173482;-0.508731041
ENSG00000265413;-0.512539359
ENSG00000141385;-0.517282304
ENSG00000177150;-0.508302321
ENSG00000101773;-0.512525624
ENSG00000134504;-0.51295565
ENSG00000277534;-0.514229755
ENSG00000101695;-0.505582245
ENSG00000134758;-0.514053673
ENSG00000172466;-0.516951211
ENSG00000275512;-0.547726344
ENSG00000134759;-0.502325755
ENSG00000152229;-0.519001291
ENSG00000215472;-0.519846049
ENSG00000265681;-0.520266685
ENSG00000202093;-0.517679786
ENSG00000271982;-0.513802997
ENSG00000101670;-0.515715697
ENSG00000082212;-0.510241375
ENSG00000141642;-0.496778246
ENSG00000267699;-0.520268014
ENSG00000141646;-0.516648008
ENSG00000176624;-0.51398182
ENSG00000081923;-0.516875354
ENSG00000267279;-0.512949204
ENSG00000266920;-0.502964366
ENSG00000266278;-0.52333724
ENSG00000179981;-0.526072611
ENSG00000265778;-0.507085894
ENSG00000247315;-0.512979359
ENSG00000177732;-0.511741007
ENSG00000101255;-0.517901036
ENSG00000101266;-0.516459741
ENSG00000125898;-0.513354918
ENSG00000125775;-0.525818294
ENSG00000125834;-0.518998753
ENSG00000125780;-0.527060957
ENSG00000229686;-0.511001887
ENSG00000226572;-0.514915236
ENSG00000226632;-0.543583635
ENSG00000101236;-0.513019987
ENSG00000215063;-0.49124724
ENSG00000101265;-0.521359116
ENSG00000125864;-0.511132593
ENSG00000125798;-0.510801891
ENSG00000170373;-0.521694371
ENSG00000130684;-0.515560525
ENSG00000125804;-0.534927097
ENSG00000284125;-0.539635212
ENSG00000125977;-0.519202684
ENSG00000125966;-0.511104853
ENSG00000101335;-0.515503745
ENSG00000118705;-0.520222515
ENSG00000132821;-0.516548633
ENSG00000198959;-0.553842138
ENSG00000149633;-0.514768396
ENSG00000124143;-0.499184118
ENSG00000174306;-0.520621164
ENSG00000101049;-0.511326861
ENSG00000101098;-0.502363526
ENSG00000275894;-0.518038225
ENSG00000124104;-0.508969151
ENSG00000064601;-0.523007018
ENSG00000100979;-0.521546203
ENSG00000158296;-0.509071466
ENSG00000177410;-0.510077076
ENSG00000274760;-0.502526416
ENSG00000277967;-0.506422659
ENSG00000158445;-0.502685639
ENSG00000224397;-0.51481449
ENSG00000232043;-0.511988443
ENSG00000231302;-0.459051027
ENSG00000182463;-0.532425481
ENSG00000124098;-0.524279389
ENSG00000124172;-0.520031968
ENSG00000130703;-0.521087872
ENSG00000130702;-0.531303085
ENSG00000284074;-0.515260053
ENSG00000277496;-0.512795357
ENSG00000125520;-0.517662076
ENSG00000268858;-0.508378321
ENSG00000284433;-0.523416752
ENSG00000064666;-0.52768014
ENSG00000064687;-0.515218501
ENSG00000099860;-0.515935381
ENSG00000186300;-0.505245402
ENSG00000287766;-0.499904681
ENSG00000104953;-0.515221794
ENSG00000161082;-0.509322737
ENSG00000178078;-0.519223559
ENSG00000205744;-0.506626541
ENSG00000125730;-0.539817698
ENSG00000198723;-0.526559489
ENSG00000171017;-0.512860657
ENSG00000214248;-0.516360308
ENSG00000286138;-0.505367926
ENSG00000142303;-0.505007329
ENSG00000267370;-0.513086704
ENSG00000105088;-0.53490396
ENSG00000197256;-0.518243624
ENSG00000130158;-0.519856096
ENSG00000105518;-0.51613413
ENSG00000198551;-0.508322444
ENSG00000267343;-0.506074256
ENSG00000132010;-0.514495993
ENSG00000269755;-0.542632186
ENSG00000242852;-0.506564407
ENSG00000196826;-0.511670431
ENSG00000104774;-0.51922811
ENSG00000285583;-0.517565968
ENSG00000039987;-0.517890859
ENSG00000105613;-0.516235583
ENSG00000179218;-0.532185211
ENSG00000141837;-0.523533279
ENSG00000072062;-0.5190434
ENSG00000269815;-0.517216023
ENSG00000074855;-0.515747009
ENSG00000130517;-0.512741167
ENSG00000130513;-0.528180329
ENSG00000105655;-0.516601081
ENSG00000130283;-0.507320273
ENSG00000223802;-0.517465286
ENSG00000266904;-0.511419107
ENSG00000231205;-0.514380523
ENSG00000118620;-0.512913066
ENSG00000283201;-0.49864588
ENSG00000269107;-0.50517807
ENSG00000268362;-0.512639285
ENSG00000213096;-0.507377093
ENSG00000279425;-0.511206056
ENSG00000245848;-0.504734551
ENSG00000277013;-0.51507529
ENSG00000142279;-0.50717766
ENSG00000268222;-0.498706437
ENSG00000105672;-0.517002454
ENSG00000126259;-0.505475568
ENSG00000126243;-0.504541029
ENSG00000161277;-0.513926619
ENSG00000099337;-0.519749218
ENSG00000267892;-0.50853945
ENSG00000269486;-0.515198753
ENSG00000276445;-0.508577304
ENSG00000105427;-0.549382229
ENSG00000159871;-0.505960325
ENSG00000159905;-0.514708487
ENSG00000277806;-0.521092708
ENSG00000266921;-0.507954317
ENSG00000104853;-0.522196869
ENSG00000104881;-0.51586772
ENSG00000213889;-0.505681544
ENSG00000204866;-0.505918685
ENSG00000268621;-0.510226775
ENSG00000268460;-0.50029297
ENSG00000182013;-0.523305124
ENSG00000105287;-0.517281633
ENSG00000042753;-0.514078422
ENSG00000105327;-0.514997631
ENSG00000142227;-0.51130534
ENSG00000105523;-0.516669981
ENSG00000268093;-0.514475842
ENSG00000225950;-0.522422425
ENSG00000063127;-0.499339055
ENSG00000197813;-0.537783792
ENSG00000074219;-0.509204427
ENSG00000104901;-0.497536262
ENSG00000161609;-0.510746871
ENSG00000090554;-0.514990663
ENSG00000204666;-0.49766346
ENSG00000105357;-0.526527756
ENSG00000161677;-0.51766676
ENSG00000167748;-0.513672216
ENSG00000105497;-0.50859253
ENSG00000196267;-0.510114814
ENSG00000204604;-0.511743044
ENSG00000213793;-0.513520631
ENSG00000180257;-0.505936467
ENSG00000170954;-0.499010734
ENSG00000126583;-0.505979984
ENSG00000170909;-0.513328617
ENSG00000125505;-0.518358757
ENSG00000167617;-0.519557591
ENSG00000160469;-0.503261115
ENSG00000105146;-0.505275377
ENSG00000268516;-0.511942312
ENSG00000286104;-0.512936069
ENSG00000182902;-0.52449749
ENSG00000225335;-0.510093194
ENSG00000273311;-0.508858452
ENSG00000236499;-0.515616016
ENSG00000185252;-0.507266013
ENSG00000100027;-0.507404577
ENSG00000099953;-0.52008564
ENSG00000133460;-0.516618288
ENSG00000099974;-0.494868751
ENSG00000272787;-0.488937451
ENSG00000099984;-0.484756811
ENSG00000236641;-0.532166828
ENSG00000237977;-0.512528457
ENSG00000228839;-0.511462639
ENSG00000100105;-0.512730595
ENSG00000100170;-0.510935759
ENSG00000100350;-0.513549479
ENSG00000128309;-0.512924782
ENSG00000100129;-0.516620213
ENSG00000279738;-0.50951858
ENSG00000278948;-0.51518386
ENSG00000100226;-0.518258842
ENSG00000100242;-0.517626216
ENSG00000230149;-0.513076107
ENSG00000272669;-0.507836429
ENSG00000100316;-0.53308594
ENSG00000128272;-0.522238577
ENSG00000100417;-0.513573089
ENSG00000184208;-0.515667048
ENSG00000100167;-0.502348041
ENSG00000234009;-0.510522688
ENSG00000273145;-0.524858702
ENSG00000241990;-0.515625249
ENSG00000186951;-0.510939335
ENSG00000100422;-0.523328604
ENSG00000182858;-0.511316184
ENSG00000073150;-0.516101548
ENSG00000128165;-0.519288339
ENSG00000008735;-0.508204564
ENSG00000155307;-0.518159802
ENSG00000156299;-0.519462057
ENSG00000230870;-0.537199602
ENSG00000238390;-0.512861311
ENSG00000159082;-0.508384166
ENSG00000237945;-0.508553954
ENSG00000243927;-0.508079635
ENSG00000272657;-0.505033949
ENSG00000225555;-0.51020157
ENSG00000286153;-0.530203854
ENSG00000157542;-0.517827524
ENSG00000225218;-0.514248706
ENSG00000160199;-0.518126262
ENSG00000184441;-0.501459604
ENSG00000275874;-0.533889343
ENSG00000235374;-0.499052199
ENSG00000160305;-0.514592506
